Date,Adj. Open,Adj. Close,S&P Open,Adj. High,Adj. Low,Adj. Volume,S&P Adj. Close
2010-12-13,4.35,4.37,78878000.0,4.46,4.31,1242.52002,1240.459961
2010-12-14,4.42,4.38,55398700.0,4.45,4.33,1241.839966,1241.589966
2010-12-15,4.3,4.23,44183100.0,4.35,4.21,1241.579956,1235.22998
2010-12-16,4.22,4.17,38347000.0,4.25,4.12,1236.339966,1242.869995
2010-12-17,4.16,4.16,68324200.0,4.25,4.12,1243.630005,1243.910034
2010-12-20,4.22,4.27,34884500.0,4.31,4.19,1245.76001,1247.079956
2010-12-21,4.26,4.31,35023000.0,4.37,4.25,1249.430054,1254.599976
2010-12-22,4.27,4.21,28855400.0,4.31,4.21,1254.939941,1258.839966
2010-12-23,4.21,4.19,39544300.0,4.24,4.15,1257.530029,1256.77002
2010-12-27,4.18,4.27,12440800.0,4.27,4.17,1254.660034,1257.540039
2010-12-28,4.27,4.2,22467000.0,4.31,4.2,1259.099976,1258.51001
2010-12-29,4.23,4.17,18726300.0,4.24,4.16,1258.780029,1259.780029
2010-12-30,4.18,4.16,18731900.0,4.2,4.15,1259.439941,1257.880005
2010-12-31,4.19,4.23,24595200.0,4.24,4.18,1256.76001,1257.640015
2011-01-03,4.3,4.51,89779900.0,4.52,4.3,1257.619995,1271.869995
2011-01-04,4.53,4.45,118162100.0,4.61,4.44,1272.949951,1270.199951
2011-01-05,4.46,4.62,82372700.0,4.69,4.37,1268.780029,1276.560059
2011-01-06,4.68,4.65,57155100.0,4.68,4.59,1276.290039,1273.849976
2011-01-07,4.62,4.68,52699200.0,4.68,4.57,1274.410034,1271.5
2011-01-10,4.65,4.58,63601100.0,4.66,4.42,1270.839966,1269.75
2011-01-11,4.55,4.4,68692500.0,4.57,4.4,1272.579956,1274.47998
2011-01-12,4.42,4.41,59029600.0,4.45,4.37,1275.650024,1285.959961
2011-01-13,4.44,4.48,58146500.0,4.49,4.38,1285.780029,1283.76001
2011-01-14,4.42,4.45,46846500.0,4.51,4.4,1282.900024,1293.23999
2011-01-18,4.41,4.36,60548600.0,4.44,4.32,1293.219971,1295.02002
2011-01-19,4.38,4.28,59073800.0,4.43,4.22,1294.52002,1281.920044
2011-01-20,4.26,4.27,49114500.0,4.3,4.18,1280.849976,1280.26001
2011-01-21,4.31,4.31,34397200.0,4.36,4.25,1283.630005,1283.349976
2011-01-24,4.3,4.37,23932400.0,4.39,4.3,1283.290039,1290.839966
2011-01-25,4.37,4.36,23608300.0,4.4,4.31,1288.170044,1291.180054
2011-01-26,4.38,4.5,54292300.0,4.55,4.35,1291.969971,1296.630005
2011-01-27,4.5,4.59,35835200.0,4.6,4.49,1297.51001,1299.540039
2011-01-28,4.59,4.45,42980200.0,4.6,4.44,1299.630005,1276.339966
2011-01-31,4.47,4.52,32014400.0,4.53,4.42,1276.5,1286.119995
2011-02-01,4.51,4.39,56035500.0,4.53,4.38,1289.140015,1307.589966
2011-02-02,4.38,4.35,43708000.0,4.4,4.3,1305.910034,1304.030029
2011-02-03,4.35,4.35,43168600.0,4.37,4.27,1302.77002,1307.099976
2011-02-04,4.36,4.4,103891900.0,4.5,4.32,1307.01001,1310.869995
2011-02-07,4.47,4.4,53818200.0,4.49,4.35,1311.849976,1319.050049
2011-02-08,4.38,4.31,52314400.0,4.38,4.29,1318.76001,1324.569946
2011-02-09,4.3,4.35,53625200.0,4.4,4.28,1322.47998,1320.880005
2011-02-10,4.5,4.6,138431300.0,4.62,4.4,1318.130005,1321.869995
2011-02-11,4.49,4.6,58145200.0,4.6,4.46,1318.660034,1329.150024
2011-02-14,4.59,4.55,49871900.0,4.61,4.5,1328.72998,1332.319946
2011-02-15,4.57,4.46,52068700.0,4.59,4.44,1330.430054,1328.01001
2011-02-16,4.5,4.47,64281400.0,4.54,4.44,1329.51001,1336.319946
2011-02-17,4.49,4.43,41033700.0,4.51,4.41,1334.369995,1340.430054
2011-02-18,4.45,4.5,66267600.0,4.53,4.4,1340.380005,1343.01001
2011-02-22,4.45,4.32,49075000.0,4.46,4.3,1338.910034,1315.439941
2011-02-23,4.35,4.2,71335400.0,4.39,4.12,1315.439941,1307.400024
2011-02-24,4.24,4.26,69304700.0,4.29,4.12,1307.089966,1306.099976
2011-02-25,4.31,4.31,35089100.0,4.35,4.26,1307.339966,1319.880005
2011-02-28,4.32,4.37,27729200.0,4.37,4.32,1321.609985,1327.219971
2011-03-01,4.37,4.21,40068800.0,4.37,4.2,1328.640015,1306.329956
2011-03-02,4.23,4.25,54065800.0,4.33,4.19,1305.469971,1308.439941
2011-03-03,4.3,4.33,46670600.0,4.4,4.29,1312.369995,1330.969971
2011-03-04,4.36,4.34,25523900.0,4.39,4.27,1330.72998,1321.150024
2011-03-07,4.44,4.48,65569600.0,4.53,4.36,1322.719971,1310.130005
2011-03-08,4.72,4.7,170369200.0,4.81,4.61,1311.050049,1321.819946
2011-03-09,4.63,4.7,50296600.0,4.71,4.62,1319.920044,1320.02002
2011-03-10,4.66,4.9,110442200.0,4.93,4.64,1315.719971,1295.109985
2011-03-11,4.85,5.0,102951300.0,5.15,4.83,1293.430054,1304.280029
2011-03-14,5.01,5.02,85272700.0,5.15,4.95,1301.189941,1296.390015
2011-03-15,4.87,4.95,68662700.0,5.04,4.83,1288.459961,1281.869995
2011-03-16,4.94,4.86,46509400.0,4.98,4.78,1279.459961,1256.880005
2011-03-17,4.97,5.06,47861700.0,5.07,4.96,1261.609985,1273.719971
2011-03-18,5.12,5.05,60580700.0,5.26,5.01,1276.709961,1279.209961
2011-03-21,4.45,4.36,303227900.0,4.5,4.17,1281.650024,1298.380005
2011-03-22,4.45,4.47,124366100.0,4.56,4.35,1298.290039,1293.77002
2011-03-23,4.51,4.49,70457000.0,4.52,4.34,1292.189941,1297.540039
2011-03-24,4.51,4.56,61669700.0,4.6,4.48,1300.609985,1309.660034
2011-03-25,4.59,4.68,48585600.0,4.69,4.55,1311.800049,1313.800049
2011-03-28,4.71,4.78,66551000.0,4.8,4.68,1315.449951,1310.189941
2011-03-29,4.73,4.62,93943200.0,4.76,4.5,1309.369995,1319.439941
2011-03-30,4.6,4.56,53285400.0,4.64,4.55,1321.890015,1328.26001
2011-03-31,4.52,4.64,48651700.0,4.66,4.51,1327.439941,1325.829956
2011-04-01,4.7,4.56,30358700.0,4.7,4.56,1329.47998,1332.410034
2011-04-04,4.58,4.62,23130600.0,4.66,4.57,1333.560059,1332.869995
2011-04-05,4.61,4.55,25477600.0,4.62,4.54,1332.030029,1332.630005
2011-04-06,4.6,4.64,43525800.0,4.72,4.6,1335.939941,1335.540039
2011-04-07,4.65,4.62,32389700.0,4.72,4.59,1334.819946,1333.51001
2011-04-08,4.63,4.73,57281500.0,4.79,4.61,1336.160034,1328.170044
2011-04-11,4.78,4.71,41194900.0,4.8,4.7,1329.01001,1324.459961
2011-04-12,4.69,4.8,43900500.0,4.8,4.66,1321.959961,1314.160034
2011-04-13,4.81,4.81,52673700.0,4.86,4.71,1314.030029,1314.410034
2011-04-14,4.77,4.96,71248800.0,4.98,4.71,1311.130005,1314.52002
2011-04-15,4.97,4.81,63818700.0,4.98,4.8,1314.540039,1319.680054
2011-04-18,4.73,4.7,49769800.0,4.76,4.6,1313.349976,1305.140015
2011-04-19,4.81,4.74,48680300.0,4.82,4.66,1305.98999,1312.619995
2011-04-20,4.8,4.8,47926900.0,4.88,4.75,1319.119995,1330.359985
2011-04-21,4.8,4.81,29512200.0,4.82,4.73,1333.22998,1337.380005
2011-04-25,4.75,4.8,23065100.0,4.82,4.75,1337.140015,1335.25
2011-04-26,4.81,4.81,30400000.0,4.84,4.76,1336.75,1347.23999
2011-04-27,4.82,4.79,43776900.0,4.83,4.72,1348.430054,1355.660034
2011-04-28,4.93,5.11,130814700.0,5.11,4.86,1353.859985,1360.47998
2011-04-29,5.13,5.18,99910200.0,5.35,5.11,1360.140015,1363.609985
2011-05-02,5.25,5.19,48402300.0,5.34,5.17,1365.209961,1361.219971
2011-05-03,5.17,5.12,40111500.0,5.26,5.08,1359.76001,1356.619995
2011-05-04,5.12,5.27,56236200.0,5.3,5.07,1355.900024,1347.319946
2011-05-05,5.19,5.19,36371700.0,5.35,5.18,1344.160034,1335.099976
2011-05-06,5.31,5.2,29418200.0,5.32,5.19,1340.23999,1340.199951
2011-05-09,5.21,5.29,27804000.0,5.29,5.17,1340.199951,1346.290039
2011-05-10,5.3,5.3,64149700.0,5.37,5.27,1348.339966,1357.160034
2011-05-11,5.3,5.18,37382600.0,5.32,5.13,1354.51001,1342.079956
2011-05-12,5.17,5.17,34429500.0,5.25,5.13,1339.390015,1348.650024
2011-05-13,5.2,5.1,43003600.0,5.21,5.03,1348.689941,1337.77002
2011-05-16,5.08,5.11,34523500.0,5.2,5.04,1334.77002,1329.469971
2011-05-17,5.12,5.11,37833100.0,5.2,5.07,1326.099976,1328.97998
2011-05-18,5.14,5.23,33379300.0,5.25,5.13,1328.540039,1340.680054
2011-05-19,5.27,5.33,100215400.0,5.35,5.13,1342.400024,1343.599976
2011-05-20,5.42,5.47,95940000.0,5.57,5.37,1342.0,1333.27002
2011-05-23,5.4,5.57,56728100.0,5.6,5.37,1333.069946,1317.369995
2011-05-24,5.57,5.84,145480200.0,5.9,5.56,1317.699951,1316.280029
2011-05-25,5.85,5.87,84842000.0,5.95,5.73,1316.359985,1320.469971
2011-05-26,5.87,5.91,68219000.0,5.96,5.75,1320.640015,1325.689941
2011-05-27,5.95,5.85,52398200.0,6.05,5.84,1325.689941,1331.099976
2011-05-31,5.9,5.85,48432800.0,5.93,5.8,1331.099976,1345.199951
2011-06-01,5.8,5.83,71151500.0,5.97,5.76,1345.199951,1314.550049
2011-06-02,5.84,5.93,80893900.0,6.45,5.81,1314.550049,1312.939941
2011-06-03,5.88,5.67,68096400.0,5.96,5.66,1312.939941,1300.160034
2011-06-06,5.69,5.6,36579400.0,5.8,5.58,1300.26001,1286.170044
2011-06-07,5.42,5.49,88652800.0,5.52,5.31,1286.310059,1284.939941
2011-06-08,5.39,5.34,47413500.0,5.5,5.34,1284.630005,1279.560059
2011-06-09,5.39,5.41,43793900.0,5.45,5.29,1279.630005,1289.0
2011-06-10,5.39,5.22,42912800.0,5.4,5.21,1288.599976,1270.97998
2011-06-13,5.14,5.26,70552300.0,5.32,5.12,1271.310059,1271.829956
2011-06-14,5.32,5.33,45288200.0,5.38,5.26,1272.219971,1287.869995
2011-06-15,5.26,5.31,64718400.0,5.38,5.21,1287.869995,1265.420044
2011-06-16,5.3,5.21,34373500.0,5.32,5.2,1265.530029,1267.640015
2011-06-17,5.24,5.19,74143900.0,5.28,5.04,1268.579956,1271.5
2011-06-20,5.23,5.21,26780600.0,5.25,5.14,1271.5,1278.359985
2011-06-21,5.18,5.24,60571900.0,5.33,5.16,1278.400024,1295.52002
2011-06-22,5.22,5.12,53931900.0,5.23,5.09,1295.47998,1287.140015
2011-06-23,5.06,5.06,37591600.0,5.1,5.01,1286.599976,1283.5
2011-06-24,5.08,5.0,42232500.0,5.12,4.98,1283.040039,1268.449951
2011-06-27,5.02,5.15,46158600.0,5.18,4.98,1268.439941,1280.099976
2011-06-28,5.16,5.22,35620900.0,5.23,5.1,1280.209961,1296.670044
2011-06-29,5.24,5.21,42863400.0,5.34,5.19,1296.849976,1307.410034
2011-06-30,5.26,5.39,59226600.0,5.4,5.18,1307.640015,1320.640015
2011-07-01,5.42,5.43,27386300.0,5.43,5.3,1320.640015,1339.670044
2011-07-05,5.39,5.39,32071400.0,5.44,5.33,1339.589966,1337.880005
2011-07-06,5.38,5.51,59303800.0,5.55,5.36,1337.560059,1339.219971
2011-07-07,5.59,5.65,60928600.0,5.75,5.57,1339.619995,1353.219971
2011-07-08,5.58,5.49,28635800.0,5.6,5.44,1352.390015,1343.800049
2011-07-11,5.41,5.42,35459100.0,5.47,5.39,1343.310059,1319.48999
2011-07-12,5.4,5.43,24162700.0,5.52,5.37,1319.609985,1313.640015
2011-07-13,5.44,5.41,19445700.0,5.5,5.39,1314.449951,1317.719971
2011-07-14,5.44,5.29,49271300.0,5.45,5.19,1317.73999,1308.869995
2011-07-15,5.32,5.35,29804200.0,5.41,5.3,1308.869995,1316.140015
2011-07-18,5.32,5.19,36277800.0,5.35,5.11,1315.939941,1305.439941
2011-07-19,5.23,5.26,56705400.0,5.28,5.17,1307.069946,1326.72998
2011-07-20,5.27,5.19,36315500.0,5.29,5.14,1328.660034,1325.839966
2011-07-21,5.18,5.17,33499900.0,5.26,5.15,1325.650024,1343.800049
2011-07-22,5.2,5.16,31033700.0,5.24,5.13,1343.800049,1345.02002
2011-07-25,5.11,5.15,21974300.0,5.18,5.07,1344.319946,1337.430054
2011-07-26,5.24,5.18,78240600.0,5.26,5.1,1337.390015,1331.939941
2011-07-27,5.16,5.16,45153300.0,5.27,5.14,1331.910034,1304.890015
2011-07-28,4.51,4.34,207107300.0,4.58,4.14,1304.839966,1300.670044
2011-07-29,4.26,4.23,73595700.0,4.29,4.16,1300.119995,1292.280029
2011-08-01,4.31,4.29,71356200.0,4.32,4.13,1292.589966,1286.939941
2011-08-02,4.24,4.0,136277100.0,4.25,3.88,1286.560059,1254.050049
2011-08-03,4.1,4.15,78893300.0,4.18,3.94,1254.25,1260.339966
2011-08-04,4.08,3.74,102923200.0,4.09,3.72,1260.22998,1200.069946
2011-08-05,3.87,3.72,65597700.0,3.93,3.59,1200.280029,1199.380005
2011-08-08,3.48,3.13,96263900.0,3.6,3.11,1198.47998,1119.459961
2011-08-09,3.28,3.28,115338700.0,3.31,3.05,1120.22998,1172.530029
2011-08-10,3.22,3.16,127798600.0,3.23,3.06,1171.77002,1120.76001
2011-08-11,3.08,3.12,134535200.0,3.17,2.98,1121.300049,1172.640015
2011-08-12,3.15,3.2,60905200.0,3.21,3.1,1172.869995,1178.810059
2011-08-15,3.28,3.48,92266000.0,3.49,3.11,1178.859985,1204.48999
2011-08-16,3.47,3.59,65275300.0,3.65,3.31,1204.219971,1192.76001
2011-08-17,3.65,3.72,65021600.0,3.79,3.62,1192.890015,1193.890015
2011-08-18,3.62,3.49,69958100.0,3.67,3.45,1189.619995,1140.650024
2011-08-19,3.37,3.42,49714300.0,3.6,3.37,1140.469971,1123.530029
2011-08-22,3.58,3.26,63787900.0,3.59,3.17,1123.550049,1123.819946
2011-08-23,3.3,3.59,65465500.0,3.72,3.23,1124.359985,1162.349976
2011-08-24,3.68,3.45,56690200.0,3.69,3.43,1162.160034,1177.599976
2011-08-25,3.45,3.23,67610000.0,3.48,3.2,1176.689941,1159.27002
2011-08-26,3.25,3.25,65574500.0,3.31,3.17,1158.849976,1176.800049
2011-08-29,3.36,3.46,39583900.0,3.46,3.34,1177.910034,1210.079956
2011-08-30,3.43,3.55,72665300.0,3.62,3.42,1209.76001,1212.920044
2011-08-31,3.61,3.76,196623800.0,3.9,3.58,1213.0,1218.890015
2011-09-01,3.79,3.74,88412500.0,3.83,3.74,1219.119995,1204.420044
2011-09-02,3.52,3.53,55937600.0,3.61,3.5,1203.900024,1173.969971
2011-09-06,3.42,3.37,36792100.0,3.51,3.34,1173.969971,1165.23999
2011-09-07,3.48,3.47,37160000.0,3.49,3.38,1165.849976,1198.619995
2011-09-08,3.45,3.45,30146000.0,3.49,3.4,1197.97998,1185.900024
2011-09-09,3.42,3.45,82665100.0,3.49,3.36,1185.369995,1154.22998
2011-09-12,3.39,3.4,37825200.0,3.43,3.31,1153.5,1162.27002
2011-09-13,3.4,3.57,48022700.0,3.59,3.38,1162.589966,1172.869995
2011-09-14,3.55,3.53,61532300.0,3.58,3.37,1173.319946,1188.680054
2011-09-15,3.54,3.44,57679400.0,3.55,3.41,1189.439941,1209.109985
2011-09-16,3.46,3.36,76297400.0,3.47,3.24,1209.209961,1216.01001
2011-09-19,3.29,3.35,39098200.0,3.38,3.25,1214.98999,1204.089966
2011-09-20,3.38,3.33,24943200.0,3.42,3.32,1204.5,1202.089966
2011-09-21,3.37,3.25,34925700.0,3.45,3.25,1203.630005,1166.76001
2011-09-22,3.17,3.01,98873800.0,3.22,2.95,1164.550049,1129.560059
2011-09-23,3.03,3.18,60323700.0,3.24,3.0,1128.819946,1136.430054
2011-09-26,3.22,3.09,58122400.0,3.22,3.07,1136.910034,1162.949951
2011-09-27,3.18,3.13,49208900.0,3.28,3.11,1163.319946,1175.380005
2011-09-28,3.17,3.08,32020400.0,3.2,3.08,1175.390015,1151.060059
2011-09-29,3.13,3.13,42526600.0,3.23,3.08,1151.73999,1160.400024
2011-09-30,3.1,3.04,36215600.0,3.12,3.04,1159.930054,1131.420044
2011-10-03,3.05,2.73,97298200.0,3.05,2.72,1131.209961,1099.22998
2011-10-04,2.82,2.86,163800000.0,2.89,2.25,1097.420044,1123.949951
2011-10-05,2.84,2.86,43092000.0,2.86,2.73,1124.030029,1144.030029
2011-10-06,2.88,3.01,46323800.0,3.03,2.83,1144.109985,1164.969971
2011-10-07,3.09,2.41,256718800.0,3.39,2.4,1165.030029,1155.459961
2011-10-10,2.38,2.22,306545500.0,2.38,2.1,1158.150024,1194.890015
2011-10-11,2.19,2.38,145541600.0,2.41,2.15,1194.599976,1195.540039
2011-10-12,2.47,2.57,123428900.0,2.71,2.41,1196.189941,1207.25
2011-10-13,2.57,2.78,98451000.0,2.81,2.55,1206.959961,1203.660034
2011-10-14,3.0,2.79,123310700.0,3.01,2.71,1205.650024,1224.579956
2011-10-17,2.83,2.81,75336800.0,2.88,2.75,1224.469971,1200.859985
2011-10-18,2.81,2.88,41992800.0,2.89,2.77,1200.75,1225.380005
2011-10-19,2.81,2.8,41033100.0,2.95,2.76,1223.459961,1209.880005
2011-10-20,2.81,2.71,35952000.0,2.82,2.7,1209.920044,1215.390015
2011-10-21,2.77,2.77,43129700.0,2.79,2.71,1215.390015,1238.25
2011-10-24,2.77,2.69,72747500.0,2.79,2.65,1238.719971,1254.189941
2011-10-25,2.71,2.7,61226100.0,2.72,2.53,1254.189941,1229.050049
2011-10-26,2.65,2.51,118127900.0,2.68,2.37,1229.170044,1242.0
2011-10-27,2.67,2.63,58899000.0,2.7,2.53,1243.969971,1284.589966
2011-10-28,2.65,2.72,66494600.0,2.82,2.64,1284.390015,1285.089966
2011-10-31,2.69,2.57,42825800.0,2.7,2.56,1284.959961,1253.300049
2011-11-01,2.53,2.49,41175900.0,2.58,2.47,1251.0,1218.280029
2011-11-02,2.58,2.72,51645400.0,2.72,2.56,1219.619995,1237.900024
2011-11-03,2.74,2.81,68053100.0,2.84,2.69,1238.25,1261.150024
2011-11-04,2.77,2.87,55650700.0,2.89,2.77,1260.819946,1253.22998
2011-11-07,2.87,2.91,40629100.0,2.92,2.75,1253.209961,1261.119995
2011-11-08,2.88,2.89,35868800.0,2.94,2.82,1261.119995,1275.920044
2011-11-09,2.83,2.74,41209400.0,2.9,2.74,1275.180054,1229.099976
2011-11-10,2.86,2.84,25274700.0,2.9,2.81,1229.589966,1239.699951
2011-11-11,2.87,2.91,28318300.0,2.93,2.85,1240.119995,1263.849976
2011-11-14,2.9,2.86,25921200.0,2.93,2.85,1263.849976,1251.780029
2011-11-15,2.86,2.92,23689500.0,2.93,2.83,1251.699951,1257.810059
2011-11-16,2.85,2.85,28194400.0,2.91,2.82,1257.810059,1236.910034
2011-11-17,2.85,2.7,33021100.0,2.86,2.68,1236.560059,1216.130005
2011-11-18,2.74,2.62,54767000.0,2.75,2.51,1216.189941,1215.650024
2011-11-21,2.58,2.6,23952800.0,2.63,2.54,1215.619995,1192.97998
2011-11-22,2.62,2.62,33760300.0,2.62,2.52,1192.97998,1188.040039
2011-11-23,2.57,2.47,34392600.0,2.62,2.46,1187.47998,1161.790039
2011-11-25,2.52,2.38,22576400.0,2.58,2.34,1161.410034,1158.670044
2011-11-28,2.51,2.45,55041100.0,2.59,2.4,1158.670044,1192.550049
2011-11-29,2.47,2.5,35257100.0,2.53,2.43,1192.560059,1195.189941
2011-11-30,2.57,2.7,52495100.0,2.7,2.55,1196.719971,1246.959961
2011-12-01,2.68,2.7,67032500.0,2.85,2.55,1246.910034,1244.579956
2011-12-02,2.73,2.6,35635900.0,2.73,2.56,1246.030029,1244.280029
2011-12-05,2.66,2.65,37075300.0,2.67,2.6,1244.329956,1257.079956
2011-12-06,2.63,2.61,35124900.0,2.65,2.51,1257.189941,1258.469971
2011-12-07,2.54,2.56,25304800.0,2.56,2.51,1258.140015,1261.01001
2011-12-08,2.53,2.44,29152100.0,2.55,2.42,1260.869995,1234.349976
2011-12-09,2.48,2.47,23241300.0,2.48,2.42,1234.47998,1255.189941
2011-12-12,2.44,2.37,26247700.0,2.46,2.37,1255.050049,1236.469971
2011-12-13,2.41,2.39,42657600.0,2.53,2.37,1236.829956,1225.72998
2011-12-14,2.39,2.27,32258700.0,2.4,2.26,1225.72998,1211.819946
2011-12-15,2.33,2.28,36911200.0,2.33,2.21,1212.119995,1215.75
2011-12-16,2.3,2.25,38206200.0,2.31,2.23,1216.089966,1219.660034
2011-12-19,2.24,2.16,28773300.0,2.3,2.15,1219.73999,1205.349976
2011-12-20,2.26,2.36,73235100.0,2.4,2.18,1205.719971,1241.300049
2011-12-21,2.37,2.33,25703600.0,2.39,2.28,1241.25,1243.719971
2011-12-22,2.31,2.35,34894000.0,2.35,2.3,1243.719971,1254.0
2011-12-23,2.36,2.31,14150600.0,2.37,2.31,1254.0,1265.329956
2011-12-27,2.33,2.32,11736300.0,2.35,2.32,1265.02002,1265.430054
2011-12-28,2.32,2.28,20205000.0,2.34,2.25,1265.380005,1249.640015
2011-12-29,2.27,2.31,18754600.0,2.31,2.26,1249.75,1263.02002
2011-12-30,2.3,2.34,21873600.0,2.37,2.28,1262.819946,1257.599976
2012-01-03,2.39,2.34,31400900.0,2.41,2.31,1258.859985,1277.060059
2012-01-04,2.33,2.31,21191500.0,2.34,2.28,1277.030029,1277.300049
2012-01-05,2.31,2.24,33984100.0,2.32,2.22,1277.300049,1281.060059
2012-01-06,2.26,2.19,50697000.0,2.28,2.16,1280.930054,1277.810059
2012-01-09,2.22,2.2,39810900.0,2.23,2.17,1277.829956,1280.699951
2012-01-10,2.24,2.23,30014000.0,2.24,2.19,1280.77002,1292.079956
2012-01-11,2.21,2.3,32317800.0,2.32,2.21,1292.02002,1292.47998
2012-01-12,2.33,2.32,47308000.0,2.37,2.3,1292.47998,1295.5
2012-01-13,2.33,2.31,18270200.0,2.34,2.28,1294.819946,1289.089966
2012-01-17,2.33,2.21,39881200.0,2.35,2.21,1290.219971,1293.670044
2012-01-18,2.23,2.33,24709500.0,2.33,2.22,1293.650024,1308.040039
2012-01-19,2.34,2.34,21012500.0,2.36,2.3,1308.069946,1314.5
2012-01-20,2.34,2.27,35923800.0,2.35,2.25,1314.48999,1315.380005
2012-01-23,2.27,2.25,27457200.0,2.3,2.25,1315.290039,1316.0
2012-01-24,2.25,2.17,54264900.0,2.27,2.16,1315.959961,1314.650024
2012-01-25,2.2,2.2,50388800.0,2.22,2.13,1314.400024,1326.060059
2012-01-26,2.21,2.17,53000100.0,2.26,2.17,1326.280029,1318.430054
2012-01-27,2.17,2.17,25655200.0,2.19,2.16,1318.25,1316.329956
2012-01-30,2.17,2.16,34985600.0,2.18,2.13,1316.160034,1313.01001
2012-01-31,2.14,2.12,61842600.0,2.17,2.1,1313.530029,1312.410034
2012-02-01,2.14,2.23,68237100.0,2.24,2.12,1312.449951,1324.089966
2012-02-02,2.25,2.21,32434200.0,2.25,2.19,1324.23999,1325.540039
2012-02-03,2.24,2.32,54522000.0,2.32,2.22,1326.209961,1344.900024
2012-02-06,2.31,2.46,66247600.0,2.48,2.3,1344.319946,1344.329956
2012-02-07,2.55,2.45,73699300.0,2.55,2.43,1344.329956,1347.050049
2012-02-08,2.43,2.41,125487300.0,2.49,2.27,1347.040039,1349.959961
2012-02-09,2.39,2.39,45924400.0,2.4,2.32,1349.969971,1351.949951
2012-02-10,2.35,2.29,38179400.0,2.36,2.29,1351.209961,1342.640015
2012-02-13,2.33,2.31,48813700.0,2.34,2.27,1343.060059,1351.77002
2012-02-14,2.31,2.31,24829300.0,2.31,2.27,1351.300049,1350.5
2012-02-15,2.31,2.26,35141800.0,2.32,2.26,1350.52002,1343.22998
2012-02-16,2.25,2.26,63587800.0,2.29,2.2,1342.609985,1358.040039
2012-02-17,2.27,2.3,20408500.0,2.3,2.25,1358.060059,1361.22998
2012-02-21,2.3,2.27,18762200.0,2.31,2.27,1361.219971,1362.209961
2012-02-22,2.27,2.23,34102600.0,2.28,2.2,1362.109985,1357.660034
2012-02-23,2.22,2.52,100600200.0,2.54,2.2,1357.530029,1363.459961
2012-02-24,2.47,2.47,66981700.0,2.52,2.4,1363.459961,1365.73999
2012-02-27,2.43,2.55,63569400.0,2.6,2.37,1365.199951,1367.589966
2012-02-28,2.53,2.55,36305900.0,2.58,2.5,1367.560059,1372.180054
2012-02-29,2.53,2.47,33805500.0,2.59,2.46,1372.199951,1365.680054
2012-03-01,2.49,2.5,20889100.0,2.54,2.47,1365.900024,1374.089966
2012-03-02,2.53,2.5,15962700.0,2.53,2.48,1374.089966,1369.630005
2012-03-05,2.51,2.43,32565800.0,2.51,2.41,1369.589966,1364.329956
2012-03-06,2.4,2.39,33621600.0,2.43,2.36,1363.630005,1343.359985
2012-03-07,2.41,2.43,39626200.0,2.47,2.41,1343.390015,1352.630005
2012-03-08,2.46,2.6,71303000.0,2.65,2.44,1352.650024,1365.910034
2012-03-09,2.61,2.78,138746900.0,2.85,2.57,1365.969971,1370.869995
2012-03-12,2.76,2.72,52013400.0,2.83,2.69,1370.780029,1371.089966
2012-03-13,2.76,2.79,66395700.0,2.82,2.73,1371.920044,1395.949951
2012-03-14,2.82,2.77,55071600.0,2.85,2.72,1395.949951,1394.280029
2012-03-15,2.8,2.8,47027600.0,2.83,2.76,1394.170044,1402.599976
2012-03-16,2.8,2.89,61097300.0,2.94,2.77,1402.550049,1404.170044
2012-03-19,2.74,2.76,103448300.0,2.83,2.68,1404.170044,1409.75
2012-03-20,2.66,2.75,38067000.0,2.76,2.66,1409.589966,1405.52002
2012-03-21,2.72,2.78,38952600.0,2.8,2.7,1405.52002,1402.890015
2012-03-22,2.76,2.74,37112900.0,2.79,2.72,1402.890015,1392.780029
2012-03-23,2.75,2.74,27057100.0,2.76,2.7,1392.780029,1397.109985
2012-03-26,2.78,2.86,46187000.0,2.87,2.76,1397.109985,1416.51001
2012-03-27,2.87,2.83,36360800.0,2.89,2.79,1416.550049,1412.52002
2012-03-28,2.82,2.83,27908800.0,2.89,2.79,1412.52002,1405.540039
2012-03-29,2.87,2.98,90876400.0,2.98,2.83,1405.390015,1403.280029
2012-03-30,3.0,2.85,43078400.0,3.03,2.85,1403.310059,1408.469971
2012-04-02,2.88,2.86,31061900.0,2.9,2.83,1408.469971,1419.040039
2012-04-03,2.88,2.88,37341200.0,2.9,2.83,1418.97998,1413.380005
2012-04-04,2.86,2.75,33295700.0,2.86,2.75,1413.089966,1398.959961
2012-04-05,2.78,2.76,33077800.0,2.81,2.74,1398.790039,1398.079956
2012-04-09,2.71,2.75,36443400.0,2.79,2.63,1397.449951,1382.199951
2012-04-10,2.74,2.66,39573600.0,2.79,2.65,1382.180054,1358.589966
2012-04-11,2.7,2.75,35379200.0,2.8,2.68,1358.97998,1368.709961
2012-04-12,2.76,2.75,18875800.0,2.79,2.72,1368.77002,1387.569946
2012-04-13,2.75,2.68,20397100.0,2.76,2.66,1387.609985,1370.26001
2012-04-16,2.7,2.51,56170500.0,2.71,2.51,1370.27002,1369.569946
2012-04-17,2.56,2.61,52231300.0,2.62,2.5,1369.569946,1390.780029
2012-04-18,2.59,2.52,66925900.0,2.6,2.51,1390.780029,1385.140015
2012-04-19,2.52,2.4,108713900.0,2.52,2.35,1385.079956,1376.920044
2012-04-20,2.42,2.37,54299900.0,2.43,2.36,1376.959961,1378.530029
2012-04-23,2.32,2.34,49111400.0,2.38,2.3,1378.530029,1366.939941
2012-04-24,2.34,2.47,92848200.0,2.48,2.32,1366.969971,1371.969971
2012-04-25,2.6,2.43,145813400.0,2.65,2.41,1372.109985,1390.689941
2012-04-26,2.43,2.37,77494100.0,2.51,2.36,1390.640015,1399.97998
2012-04-27,2.38,2.36,67887100.0,2.39,2.31,1400.189941,1403.359985
2012-04-30,2.36,2.48,54116100.0,2.49,2.33,1403.26001,1397.910034
2012-05-01,2.5,2.55,52293500.0,2.6,2.49,1397.859985,1405.819946
2012-05-02,2.54,2.57,43174700.0,2.62,2.51,1405.5,1402.310059
2012-05-03,2.61,2.48,30899800.0,2.62,2.47,1402.319946,1391.569946
2012-05-04,2.45,2.36,51172500.0,2.48,2.35,1391.51001,1369.099976
2012-05-07,2.34,2.41,36894300.0,2.45,2.33,1368.790039,1369.579956
2012-05-08,2.41,2.35,41249800.0,2.44,2.33,1369.160034,1363.719971
2012-05-09,2.34,2.4,69203900.0,2.51,2.32,1363.199951,1354.579956
2012-05-10,2.46,2.45,32658000.0,2.49,2.42,1354.579956,1357.98999
2012-05-11,2.43,2.49,40299300.0,2.53,2.42,1358.109985,1353.390015
2012-05-14,2.47,2.5,30950000.0,2.51,2.45,1351.930054,1338.349976
2012-05-15,2.51,2.47,40606800.0,2.54,2.47,1338.359985,1330.660034
2012-05-16,2.49,2.4,43285000.0,2.5,2.4,1330.780029,1324.800049
2012-05-17,2.41,2.36,41218500.0,2.44,2.36,1324.819946,1304.859985
2012-05-18,2.44,2.34,39235800.0,2.44,2.32,1305.050049,1295.219971
2012-05-21,2.35,2.37,22741700.0,2.39,2.33,1295.72998,1315.98999
2012-05-22,2.38,2.41,37361000.0,2.46,2.37,1316.089966,1316.630005
2012-05-23,2.38,2.46,49763100.0,2.49,2.36,1316.02002,1318.859985
2012-05-24,2.47,2.53,41634200.0,2.53,2.46,1318.719971,1320.680054
2012-05-25,2.53,2.62,62607500.0,2.65,2.52,1320.810059,1317.819946
2012-05-29,2.66,2.67,70531900.0,2.67,2.61,1318.900024,1332.420044
2012-05-30,2.66,2.58,35508200.0,2.66,2.52,1331.25,1313.319946
2012-05-31,2.57,2.57,31184400.0,2.62,2.51,1313.089966,1310.329956
2012-06-01,2.53,2.51,48382500.0,2.65,2.5,1309.869995,1278.040039
2012-06-04,2.51,2.54,62069700.0,2.55,2.44,1278.290039,1278.180054
2012-06-05,2.5,2.53,39506300.0,2.6,2.49,1277.819946,1285.5
2012-06-06,2.55,2.72,64132000.0,2.73,2.54,1285.609985,1315.130005
2012-06-07,2.74,2.74,50889000.0,2.8,2.66,1316.150024,1314.98999
2012-06-08,2.73,2.98,84121500.0,3.0,2.73,1314.98999,1325.660034
2012-06-11,3.06,2.83,61121600.0,3.08,2.82,1325.719971,1308.930054
2012-06-12,2.87,2.92,53224800.0,2.95,2.8,1309.400024,1324.180054
2012-06-13,2.89,2.94,31194200.0,2.99,2.86,1324.02002,1314.880005
2012-06-14,2.94,3.1,59422000.0,3.11,2.9,1314.880005,1329.099976
2012-06-15,3.11,3.09,71602800.0,3.14,3.02,1329.189941,1342.839966
2012-06-18,3.09,3.08,52937400.0,3.09,3.01,1342.420044,1344.780029
2012-06-19,3.12,3.15,31881900.0,3.15,3.07,1344.829956,1357.97998
2012-06-20,3.13,3.13,42261300.0,3.18,3.09,1358.040039,1355.689941
2012-06-21,3.14,3.18,51331400.0,3.22,3.14,1355.430054,1325.51001
2012-06-22,3.2,3.29,78981100.0,3.29,3.19,1325.920044,1335.02002
2012-06-25,3.28,3.09,78866200.0,3.28,3.05,1334.900024,1313.719971
2012-06-26,3.11,3.13,47295900.0,3.16,3.07,1314.089966,1319.98999
2012-06-27,3.13,3.13,52588000.0,3.19,3.08,1320.709961,1331.849976
2012-06-28,3.15,3.26,44875400.0,3.26,3.1,1331.52002,1329.040039
2012-06-29,3.32,3.26,59980000.0,3.33,3.19,1330.119995,1362.160034
2012-07-02,3.26,3.4,78118200.0,3.45,3.25,1362.329956,1365.51001
2012-07-03,3.42,3.47,27022000.0,3.48,3.4,1365.75,1374.02002
2012-07-05,3.47,3.31,41950200.0,3.48,3.29,1373.719971,1367.579956
2012-07-06,3.29,3.29,28605100.0,3.31,3.21,1367.089966,1354.680054
2012-07-09,3.29,3.21,29131500.0,3.29,3.2,1354.660034,1352.459961
2012-07-10,3.26,3.19,38435800.0,3.31,3.15,1352.959961,1341.469971
2012-07-11,3.2,3.23,31071600.0,3.27,3.18,1341.400024,1341.449951
2012-07-12,3.21,3.2,23285400.0,3.24,3.15,1341.290039,1334.76001
2012-07-13,3.23,3.33,27483100.0,3.35,3.23,1334.810059,1356.780029
2012-07-16,3.3,3.46,60706500.0,3.49,3.29,1356.5,1353.640015
2012-07-17,3.6,3.65,99099800.0,3.71,3.48,1353.680054,1363.670044
2012-07-18,3.65,3.66,50309500.0,3.71,3.61,1363.579956,1372.780029
2012-07-19,3.73,3.71,44486600.0,3.73,3.68,1373.01001,1376.51001
2012-07-20,3.68,3.66,34075800.0,3.72,3.62,1376.51001,1362.660034
2012-07-23,3.53,3.57,50646500.0,3.6,3.41,1362.339966,1350.52002
2012-07-24,3.62,3.45,43769900.0,3.63,3.4,1350.52002,1338.310059
2012-07-25,3.45,3.37,58805200.0,3.5,3.31,1338.349976,1337.890015
2012-07-26,3.9,4.05,304924600.0,4.12,3.77,1338.170044,1360.02002
2012-07-27,4.07,4.31,169930000.0,4.43,4.07,1360.050049,1385.969971
2012-07-30,4.49,4.51,126773500.0,4.51,4.36,1385.939941,1385.300049
2012-07-31,4.57,4.36,124908400.0,4.6,4.35,1385.27002,1379.319946
2012-08-01,4.39,4.32,59716100.0,4.43,4.32,1379.319946,1375.319946
2012-08-02,4.29,4.29,63582200.0,4.34,4.0,1375.130005,1365.0
2012-08-03,4.34,4.27,37615800.0,4.39,4.25,1365.449951,1390.98999
2012-08-06,4.36,4.34,32303900.0,4.37,4.27,1391.040039,1394.22998
2012-08-07,4.37,4.31,21685800.0,4.37,4.27,1394.459961,1401.349976
2012-08-08,4.28,4.61,72807900.0,4.63,4.26,1401.22998,1402.219971
2012-08-09,4.64,4.8,153781500.0,4.96,4.62,1402.26001,1402.800049
2012-08-10,4.81,4.92,71051200.0,4.95,4.71,1402.579956,1405.869995
2012-08-13,5.04,5.05,77893200.0,5.09,4.94,1405.869995,1404.109985
2012-08-14,5.08,4.99,62845700.0,5.1,4.95,1404.359985,1403.930054
2012-08-15,4.96,5.39,138158200.0,5.49,4.85,1403.890015,1405.530029
2012-08-16,5.35,5.15,107964800.0,5.38,5.05,1405.569946,1415.51001
2012-08-17,5.12,5.19,43931800.0,5.25,5.12,1415.839966,1418.160034
2012-08-20,5.16,5.11,57482700.0,5.19,4.96,1417.849976,1418.130005
2012-08-21,5.12,5.08,53921800.0,5.24,5.04,1418.130005,1413.170044
2012-08-22,5.09,4.88,81396000.0,5.13,4.88,1413.089966,1413.48999
2012-08-23,4.9,4.78,60544100.0,4.95,4.72,1413.48999,1402.079956
2012-08-24,4.72,4.89,43888500.0,4.93,4.71,1401.98999,1411.130005
2012-08-27,4.96,4.82,38542700.0,4.96,4.79,1411.130005,1410.439941
2012-08-28,4.8,4.85,31515300.0,4.91,4.79,1410.439941,1409.300049
2012-08-29,4.85,4.86,20649700.0,4.9,4.81,1409.319946,1410.48999
2012-08-30,4.83,4.83,39010800.0,4.93,4.77,1410.079956,1399.47998
2012-08-31,4.88,4.85,26794500.0,4.91,4.81,1400.069946,1406.579956
2012-09-04,4.85,4.8,29110800.0,4.88,4.8,1406.540039,1404.939941
2012-09-05,4.84,4.95,80833200.0,5.0,4.83,1404.939941,1403.439941
2012-09-06,5.04,4.96,64169200.0,5.07,4.9,1403.73999,1432.119995
2012-09-07,4.92,5.03,62176300.0,5.09,4.9,1432.119995,1437.920044
2012-09-10,5.13,5.15,78923500.0,5.3,5.11,1437.920044,1429.079956
2012-09-11,5.21,5.0,87979800.0,5.28,4.96,1429.130005,1433.560059
2012-09-12,5.04,5.1,51877700.0,5.12,4.97,1433.560059,1436.560059
2012-09-13,5.1,5.2,50180300.0,5.23,5.08,1436.560059,1459.98999
2012-09-14,5.26,5.26,55589900.0,5.35,5.18,1460.069946,1465.77002
2012-09-17,5.27,5.27,34909400.0,5.32,5.18,1465.420044,1461.189941
2012-09-18,5.21,5.19,37695200.0,5.3,5.15,1461.189941,1459.319946
2012-09-19,5.22,5.56,111667700.0,5.71,5.14,1459.5,1461.050049
2012-09-20,5.56,5.44,71864500.0,5.57,5.33,1461.050049,1460.26001
2012-09-21,5.48,5.65,89383400.0,5.7,5.45,1460.339966,1460.150024
2012-09-24,5.59,5.7,48444400.0,5.75,5.5,1459.76001,1456.890015
2012-09-25,5.75,5.53,58751700.0,5.76,5.52,1456.939941,1441.589966
2012-09-26,5.48,5.46,45332900.0,5.52,5.38,1441.599976,1433.319946
2012-09-27,5.55,5.6,41760100.0,5.63,5.49,1433.359985,1447.150024
2012-09-28,5.56,5.52,56881000.0,5.68,5.48,1447.130005,1440.670044
2012-10-01,5.45,5.18,66041000.0,5.48,5.15,1440.900024,1444.48999
2012-10-02,5.21,4.9,184069400.0,5.21,4.81,1444.98999,1445.75
2012-10-03,4.91,5.2,116773500.0,5.27,4.79,1446.050049,1450.98999
2012-10-04,5.02,5.09,117833200.0,5.21,4.92,1451.079956,1461.400024
2012-10-05,5.14,5.2,72162800.0,5.32,5.12,1461.400024,1460.930054
2012-10-08,5.13,5.09,38434800.0,5.19,5.08,1460.930054,1455.880005
2012-10-09,5.12,4.95,41268900.0,5.13,4.95,1455.900024,1441.47998
2012-10-10,5.08,5.04,52638400.0,5.13,4.9,1441.47998,1432.560059
2012-10-11,5.89,5.76,516977100.0,6.04,5.5,1432.819946,1432.839966
2012-10-12,5.58,5.73,133522900.0,5.85,5.57,1432.839966,1428.589966
2012-10-15,5.81,5.69,348785200.0,5.87,5.6,1428.75,1440.130005
2012-10-16,5.76,5.69,182174300.0,5.85,5.67,1440.310059,1454.920044
2012-10-17,5.7,5.73,94914000.0,5.8,5.67,1454.219971,1460.910034
2012-10-18,5.74,5.78,139130500.0,5.82,5.73,1460.939941,1457.339966
2012-10-19,5.77,5.65,80791400.0,5.77,5.65,1457.339966,1433.189941
2012-10-22,5.68,5.68,38052900.0,5.7,5.61,1433.209961,1433.819946
2012-10-23,5.66,5.65,36431600.0,5.69,5.62,1433.73999,1413.109985
2012-10-24,5.66,5.62,57072100.0,5.69,5.6,1413.199951,1408.75
2012-10-25,5.7,5.52,106805500.0,5.72,5.49,1409.73999,1412.969971
2012-10-26,5.45,5.49,58855300.0,5.56,5.37,1412.969971,1411.939941
2012-10-31,5.52,5.55,23867500.0,5.57,5.5,1410.98999,1412.160034
2012-11-01,5.52,5.61,35026500.0,5.65,5.5,1412.199951,1427.589966
2012-11-02,5.63,5.7,41497100.0,5.72,5.6,1427.589966,1414.199951
2012-11-05,5.65,5.75,35996200.0,5.75,5.61,1414.02002,1417.26001
2012-11-06,5.75,5.73,41947300.0,5.76,5.66,1417.26001,1428.390015
2012-11-07,5.68,5.62,36891100.0,5.71,5.62,1428.27002,1394.530029
2012-11-08,5.66,5.61,35926800.0,5.68,5.57,1394.530029,1377.51001
2012-11-09,5.56,5.55,43820300.0,5.6,5.51,1377.550049,1379.849976
2012-11-12,5.57,5.61,33129600.0,5.64,5.53,1379.859985,1380.030029
2012-11-13,5.57,5.58,20947600.0,5.63,5.56,1380.030029,1374.530029
2012-11-14,5.61,5.49,39214300.0,5.62,5.43,1374.640015,1355.48999
2012-11-15,5.46,5.54,30525200.0,5.6,5.45,1355.410034,1353.329956
2012-11-16,5.54,5.48,32828100.0,5.55,5.45,1353.359985,1359.880005
2012-11-19,5.53,5.55,20999700.0,5.58,5.49,1359.880005,1386.890015
2012-11-20,5.54,5.51,27573300.0,5.58,5.45,1386.819946,1387.810059
2012-11-21,5.51,5.58,27735900.0,5.59,5.49,1387.790039,1391.030029
2012-11-23,5.59,5.64,11212700.0,5.65,5.58,1391.030029,1409.150024
2012-11-26,5.61,5.62,23536100.0,5.64,5.58,1409.150024,1406.290039
2012-11-27,5.62,5.63,32667300.0,5.68,5.6,1406.290039,1398.939941
2012-11-28,5.61,5.7,24532300.0,5.7,5.6,1398.77002,1409.930054
2012-11-29,5.72,5.72,22521400.0,5.73,5.66,1409.959961,1415.949951
2012-11-30,5.74,5.73,33471000.0,5.74,5.66,1415.949951,1416.180054
2012-12-03,5.75,5.72,23602400.0,5.75,5.69,1416.339966,1409.459961
2012-12-04,5.71,5.68,28081800.0,5.74,5.68,1409.459961,1407.050049
2012-12-05,5.71,5.72,22941000.0,5.74,5.67,1407.050049,1409.280029
2012-12-06,5.71,5.73,27269300.0,5.76,5.7,1409.430054,1413.939941
2012-12-07,5.74,5.69,31591600.0,5.75,5.68,1413.949951,1418.069946
2012-12-10,5.67,5.66,13201000.0,5.7,5.65,1418.069946,1418.550049
2012-12-11,5.67,5.57,50317100.0,5.69,5.56,1418.550049,1427.839966
2012-12-12,5.58,5.66,48371000.0,5.66,5.48,1427.839966,1428.47998
2012-12-13,5.62,5.64,55940800.0,5.75,5.58,1428.47998,1419.449951
2012-12-14,5.62,5.55,23389400.0,5.65,5.54,1419.449951,1413.579956
2012-12-17,5.63,5.56,39043300.0,5.63,5.48,1413.540039,1430.359985
2012-12-18,5.55,5.53,37684600.0,5.56,5.45,1430.469971,1446.790039
2012-12-19,5.51,5.46,47335700.0,5.53,5.44,1446.790039,1435.810059
2012-12-20,5.46,5.48,46041000.0,5.51,5.45,1435.810059,1443.689941
2012-12-21,5.45,5.46,41919000.0,5.48,5.4,1443.670044,1430.150024
2012-12-24,5.4,5.5,8653800.0,5.51,5.4,1430.150024,1426.660034
2012-12-26,5.5,5.56,14724800.0,5.58,5.49,1426.660034,1419.829956
2012-12-27,5.56,5.62,28157400.0,5.62,5.54,1419.829956,1418.099976
2012-12-28,5.58,5.6,23838900.0,5.62,5.56,1418.099976,1402.430054
2012-12-31,5.56,5.67,30440600.0,5.83,5.55,1402.430054,1426.189941
2013-01-02,5.71,5.79,45194700.0,5.79,5.63,1426.189941,1462.420044
2013-01-03,5.76,5.82,36330000.0,5.83,5.72,1462.420044,1459.369995
2013-01-04,5.8,5.92,48283700.0,5.95,5.76,1459.369995,1466.469971
2013-01-07,5.88,5.96,20366000.0,5.97,5.86,1466.469971,1461.890015
2013-01-08,5.94,5.97,65518800.0,5.97,5.78,1461.890015,1457.150024
2013-01-09,5.82,5.88,66414000.0,5.91,5.77,1457.150024,1461.02002
2013-01-10,5.9,5.94,43963500.0,5.94,5.86,1461.02002,1472.119995
2013-01-11,5.93,5.92,67415000.0,5.96,5.86,1472.119995,1472.050049
2013-01-14,5.82,5.69,75136900.0,5.84,5.65,1472.050049,1470.680054
2013-01-15,5.68,5.62,53569400.0,5.69,5.54,1470.670044,1472.339966
2013-01-16,5.6,5.53,55854900.0,5.65,5.52,1472.329956,1472.630005
2013-01-17,5.55,5.63,40989300.0,5.65,5.54,1472.630005,1480.939941
2013-01-18,5.61,5.65,22572800.0,5.65,5.59,1480.949951,1485.97998
2013-01-22,5.63,5.66,16920100.0,5.67,5.57,1485.97998,1492.560059
2013-01-23,5.64,5.67,21019000.0,5.71,5.64,1492.560059,1494.810059
2013-01-24,5.68,5.67,21396900.0,5.7,5.64,1494.810059,1494.819946
2013-01-25,5.69,5.64,22947100.0,5.7,5.58,1494.819946,1502.959961
2013-01-28,5.63,5.56,49953900.0,5.63,5.54,1502.959961,1500.180054
2013-01-29,5.56,5.64,111682600.0,5.71,5.53,1500.180054,1507.839966
2013-01-30,5.58,5.65,67206700.0,5.69,5.56,1507.839966,1501.959961
2013-01-31,5.65,5.63,40023700.0,5.67,5.62,1501.959961,1498.109985
2013-02-01,5.64,5.69,59194700.0,5.73,5.63,1498.109985,1513.170044
2013-02-04,5.65,5.74,61969900.0,5.75,5.64,1513.170044,1495.709961
2013-02-05,5.7,5.71,23097100.0,5.72,5.66,1495.709961,1511.290039
2013-02-06,5.68,5.77,33427400.0,5.77,5.66,1511.290039,1512.119995
2013-02-07,5.72,5.74,85951500.0,5.79,5.67,1512.119995,1509.390015
2013-02-08,5.73,5.77,44887400.0,5.77,5.67,1509.390015,1517.930054
2013-02-11,5.74,5.79,17886500.0,5.8,5.71,1517.930054,1517.01001
2013-02-12,5.78,5.91,66026100.0,5.95,5.77,1517.01001,1519.430054
2013-02-13,5.89,5.86,23134600.0,5.91,5.83,1519.430054,1520.329956
2013-02-14,5.84,5.87,28939700.0,5.88,5.81,1520.329956,1521.380005
2013-02-15,5.91,5.91,34790500.0,5.92,5.85,1521.380005,1519.790039
2013-02-19,5.92,5.9,19292100.0,5.93,5.84,1519.790039,1530.939941
2013-02-20,5.87,5.79,24160900.0,5.88,5.79,1530.939941,1511.949951
2013-02-21,5.76,5.79,26503700.0,5.84,5.71,1511.949951,1502.420044
2013-02-22,5.82,5.82,20423200.0,5.83,5.77,1502.420044,1515.599976
2013-02-25,5.8,5.73,18637500.0,5.82,5.73,1515.599976,1487.849976
2013-02-26,5.75,5.78,21306800.0,5.8,5.72,1487.849976,1496.939941
2013-02-27,5.81,5.86,21005200.0,5.88,5.78,1496.939941,1515.98999
2013-02-28,5.85,5.8,16925300.0,5.87,5.8,1515.98999,1514.680054
2013-03-01,5.8,5.8,13975700.0,5.83,5.75,1514.680054,1518.199951
2013-03-04,5.78,5.83,15925200.0,5.86,5.77,1518.199951,1525.199951
2013-03-05,5.84,5.87,12470800.0,5.88,5.84,1525.199951,1539.790039
2013-03-06,5.88,5.87,22610400.0,5.92,5.86,1539.790039,1541.459961
2013-03-07,5.88,5.85,13156900.0,5.91,5.83,1541.459961,1544.26001
2013-03-08,5.87,5.88,15208100.0,5.9,5.82,1544.26001,1551.180054
2013-03-11,5.86,5.86,15562800.0,5.88,5.83,1551.150024,1556.219971
2013-03-12,5.85,5.92,23740100.0,5.94,5.84,1556.219971,1552.47998
2013-03-13,5.91,5.88,16995500.0,5.93,5.88,1552.47998,1554.52002
2013-03-14,5.91,5.86,20382100.0,5.91,5.86,1554.52002,1563.22998
2013-03-15,5.87,5.81,48777700.0,5.92,5.81,1563.209961,1560.699951
2013-03-18,5.8,5.87,28272600.0,5.92,5.79,1560.699951,1552.099976
2013-03-19,5.86,6.03,95334600.0,6.09,5.86,1552.099976,1548.339966
2013-03-20,6.01,6.03,40259700.0,6.11,5.99,1548.339966,1558.709961
2013-03-21,6.0,6.06,26739300.0,6.09,6.0,1558.709961,1545.800049
2013-03-22,6.06,6.14,57339100.0,6.22,6.05,1545.900024,1556.890015
2013-03-25,6.15,6.03,48355000.0,6.18,6.01,1556.890015,1551.689941
2013-03-26,6.05,6.05,46170900.0,6.13,6.0,1551.689941,1563.77002
2013-03-27,6.02,6.04,40177400.0,6.08,6.0,1563.75,1562.849976
2013-03-28,6.06,6.21,53855800.0,6.21,6.05,1562.859985,1569.189941
2013-04-01,6.24,6.25,26939900.0,6.25,6.16,1569.180054,1562.170044
2013-04-02,6.25,6.23,23271900.0,6.27,6.21,1562.170044,1570.25
2013-04-03,6.22,6.16,27388300.0,6.24,6.14,1570.25,1553.689941
2013-04-04,6.15,6.21,22224000.0,6.24,6.12,1553.689941,1559.97998
2013-04-05,6.18,6.23,18090000.0,6.23,6.15,1559.97998,1553.280029
2013-04-08,6.23,6.3,26202100.0,6.33,6.22,1553.26001,1563.069946
2013-04-09,6.3,6.28,22467100.0,6.31,6.24,1563.109985,1568.609985
2013-04-10,6.3,6.25,34743500.0,6.3,6.24,1568.609985,1587.72998
2013-04-11,6.23,6.26,30008100.0,6.28,6.21,1587.72998,1593.369995
2013-04-12,6.21,6.22,46111300.0,6.27,6.16,1593.300049,1588.849976
2013-04-15,7.22,7.06,440739400.0,7.33,6.9,1588.839966,1552.359985
2013-04-16,7.14,7.2,126042700.0,7.22,7.09,1552.359985,1574.569946
2013-04-17,7.21,7.09,118818800.0,7.35,7.07,1574.569946,1552.01001
2013-04-18,7.12,7.19,87305400.0,7.21,7.1,1552.030029,1541.609985
2013-04-19,7.15,7.17,100017500.0,7.21,7.11,1541.609985,1555.25
2013-04-22,7.17,7.17,44041200.0,7.2,7.13,1555.25,1562.5
2013-04-23,7.15,7.1,49242700.0,7.19,7.1,1562.5,1578.780029
2013-04-24,7.11,7.09,118339400.0,7.19,7.01,1578.780029,1578.790039
2013-04-25,7.11,7.14,84298500.0,7.22,7.09,1578.930054,1585.160034
2013-04-26,7.17,7.12,78690200.0,7.2,7.12,1585.160034,1582.23999
2013-04-29,7.11,7.12,30246000.0,7.16,7.1,1582.339966,1593.609985
2013-04-30,7.16,7.05,89107600.0,7.16,7.02,1593.579956,1597.569946
2013-05-01,7.07,7.06,43015000.0,7.12,7.05,1597.550049,1582.699951
2013-05-02,7.08,7.1,50399500.0,7.11,7.06,1582.77002,1597.589966
2013-05-03,7.1,7.15,45420800.0,7.16,7.09,1597.599976,1614.420044
2013-05-06,7.15,7.2,22711700.0,7.2,7.13,1614.400024,1617.5
2013-05-07,7.21,7.22,41990600.0,7.28,7.2,1617.550049,1625.959961
2013-05-08,7.24,7.32,27134800.0,7.32,7.23,1625.949951,1632.689941
2013-05-09,7.38,7.35,72035500.0,7.4,7.32,1632.689941,1626.670044
2013-05-10,7.39,7.36,45749500.0,7.4,7.33,1626.689941,1633.699951
2013-05-13,7.32,7.18,77025900.0,7.33,7.16,1632.099976,1633.77002
2013-05-14,7.2,7.26,53199600.0,7.27,7.17,1633.75,1650.339966
2013-05-15,7.26,7.25,43159800.0,7.34,7.22,1649.130005,1658.780029
2013-05-16,7.27,7.28,60024800.0,7.35,7.26,1658.069946,1650.469971
2013-05-17,7.3,7.32,40015700.0,7.35,7.25,1652.449951,1667.469971
2013-05-20,7.32,7.29,36573200.0,7.37,7.25,1665.709961,1666.290039
2013-05-21,7.39,7.39,33968100.0,7.4,7.34,1666.199951,1669.160034
2013-05-22,7.38,7.3,25078300.0,7.39,7.27,1669.390015,1655.349976
2013-05-23,7.26,7.31,18629500.0,7.37,7.25,1651.619995,1650.51001
2013-05-24,7.31,7.33,19595500.0,7.38,7.3,1646.670044,1649.599976
2013-05-28,7.32,7.27,30583800.0,7.36,7.26,1652.630005,1660.060059
2013-05-29,7.3,7.28,20680800.0,7.31,7.23,1656.569946,1648.359985
2013-05-30,7.23,7.34,61031000.0,7.37,7.2,1649.140015,1654.410034
2013-05-31,7.31,7.3,86904400.0,7.5,7.25,1652.130005,1630.73999
2013-06-03,7.3,7.22,38100600.0,7.34,7.21,1631.709961,1640.420044
2013-06-04,7.24,7.26,43955500.0,7.37,7.21,1640.72998,1631.380005
2013-06-05,7.28,7.2,42791500.0,7.29,7.18,1629.050049,1608.900024
2013-06-06,7.22,7.34,26864300.0,7.34,7.19,1609.290039,1622.560059
2013-06-07,7.35,7.24,55162900.0,7.37,7.18,1625.27002,1643.380005
2013-06-10,7.22,7.18,38020200.0,7.26,7.17,1644.670044,1642.810059
2013-06-11,7.34,7.35,234233900.0,7.41,7.31,1638.640015,1626.130005
2013-06-12,7.41,7.35,44834800.0,7.41,7.33,1629.939941,1612.52002
2013-06-13,7.34,7.32,75516500.0,7.41,7.3,1612.150024,1636.359985
2013-06-14,7.3,7.32,16676200.0,7.35,7.3,1635.52002,1626.72998
2013-06-17,7.34,7.22,48712600.0,7.34,7.15,1630.640015,1639.040039
2013-06-18,7.21,7.32,74095000.0,7.34,7.17,1639.77002,1651.810059
2013-06-19,7.08,7.0,171576200.0,7.16,7.0,1651.829956,1628.930054
2013-06-20,7.01,7.07,104444700.0,7.17,6.97,1624.619995,1588.189941
2013-06-21,6.96,6.97,143661700.0,7.04,6.92,1588.619995,1592.430054
2013-06-24,6.99,6.86,112984200.0,7.01,6.83,1588.77002,1573.089966
2013-06-25,6.92,6.88,120420800.0,7.01,6.84,1577.52002,1588.030029
2013-06-26,6.89,6.97,120912000.0,6.99,6.87,1592.27002,1603.26001
2013-06-27,6.97,6.98,36923400.0,7.01,6.94,1606.439941,1613.199951
2013-06-28,6.99,7.02,117216400.0,7.08,6.96,1611.119995,1606.280029
2013-07-01,7.0,7.07,42895300.0,7.1,7.0,1609.780029,1614.959961
2013-07-02,7.06,7.15,49754300.0,7.15,7.05,1614.290039,1614.079956
2013-07-03,7.11,7.19,31773800.0,7.19,7.08,1611.47998,1615.410034
2013-07-05,7.19,7.16,36933000.0,7.21,7.1,1618.650024,1631.890015
2013-07-08,7.12,7.07,590526700.0,7.15,6.95,1634.199951,1640.459961
2013-07-09,7.15,7.06,108202700.0,7.18,7.06,1642.890015,1652.319946
2013-07-10,7.09,7.18,56994600.0,7.18,7.07,1651.560059,1652.619995
2013-07-11,6.0,6.28,40009800.0,6.31,5.91,1657.410034,1675.02002
2013-07-12,6.45,6.45,258055200.0,7.14,6.38,1675.26001,1680.189941
2013-07-15,6.64,6.72,43097300.0,6.75,6.47,1679.589966,1682.5
2013-07-16,6.79,6.48,40198200.0,6.82,6.41,1682.699951,1676.26001
2013-07-17,6.46,6.25,64456300.0,6.48,6.2,1677.910034,1680.910034
2013-07-18,6.19,6.05,42165900.0,6.24,5.97,1681.050049,1689.369995
2013-07-19,6.01,6.07,23539600.0,6.14,6.0,1686.150024,1692.089966
2013-07-22,6.12,5.92,27979700.0,6.12,5.9,1694.410034,1695.530029
2013-07-23,5.95,5.85,45276500.0,5.96,5.61,1696.630005,1692.390015
2013-07-24,5.93,5.77,23980900.0,5.97,5.77,1696.060059,1685.939941
2013-07-25,5.8,5.82,16026200.0,5.84,5.7,1685.209961,1690.25
2013-07-26,5.83,5.74,18111100.0,5.85,5.73,1687.310059,1691.650024
2013-07-29,5.8,5.74,19666800.0,5.84,5.65,1690.319946,1685.329956
2013-07-30,5.84,6.16,66848200.0,6.17,5.81,1687.920044,1685.959961
2013-07-31,6.13,5.96,32344400.0,6.17,5.96,1687.76001,1685.72998
2013-08-01,6.05,6.38,53852700.0,6.46,6.0,1689.420044,1706.869995
2013-08-02,6.41,6.67,42126800.0,6.77,6.4,1706.099976,1709.670044
2013-08-05,6.58,6.88,31059300.0,6.9,6.5,1708.01001,1707.140015
2013-08-06,6.9,6.97,43648500.0,7.04,6.89,1705.790039,1697.369995
2013-08-07,6.98,6.92,19844900.0,7.03,6.71,1695.300049,1690.910034
2013-08-08,6.95,6.94,12792400.0,6.98,6.8,1693.349976,1697.47998
2013-08-09,6.9,7.25,27076500.0,7.26,6.89,1696.099976,1691.420044
2013-08-12,7.21,7.11,13183000.0,7.21,7.04,1688.369995,1689.469971
2013-08-13,7.12,7.01,16162900.0,7.15,6.95,1690.650024,1694.160034
2013-08-14,7.07,7.0,11912100.0,7.1,6.96,1693.880005,1685.390015
2013-08-15,6.96,6.96,16386700.0,7.01,6.94,1679.609985,1661.319946
2013-08-16,6.95,6.92,16087100.0,7.04,6.91,1661.219971,1655.829956
2013-08-19,6.95,6.91,17064900.0,6.97,6.81,1655.25,1646.060059
2013-08-20,6.89,6.97,9805700.0,6.98,6.89,1646.810059,1652.349976
2013-08-21,6.9,6.96,11752800.0,6.97,6.9,1650.660034,1642.800049
2013-08-22,6.95,6.92,6942200.0,7.0,6.9,1645.030029,1656.959961
2013-08-23,6.93,6.96,6136400.0,6.98,6.9,1659.920044,1663.5
2013-08-26,6.93,6.91,8599100.0,6.98,6.89,1664.290039,1656.780029
2013-08-27,6.9,6.75,22131200.0,6.91,6.71,1652.540039,1630.47998
2013-08-28,6.69,6.66,13281900.0,6.74,6.65,1630.25,1634.959961
2013-08-29,6.66,6.76,19073100.0,6.84,6.65,1633.5,1638.170044
2013-08-30,6.82,6.71,15719900.0,6.82,6.54,1638.890015,1632.969971
2013-09-03,6.78,6.68,9261900.0,6.86,6.63,1635.949951,1639.77002
2013-09-04,6.66,6.65,9550600.0,6.72,6.58,1640.719971,1653.079956
2013-09-05,6.63,6.48,12664300.0,6.68,6.45,1653.280029,1655.079956
2013-09-06,6.57,6.47,14230000.0,6.57,6.4,1657.439941,1655.170044
2013-09-09,6.44,6.37,15189900.0,6.51,6.32,1656.849976,1671.709961
2013-09-10,6.38,6.33,28672600.0,6.42,6.26,1675.109985,1683.98999
2013-09-11,6.35,6.5,19568900.0,6.53,6.32,1681.040039,1689.130005
2013-09-12,6.42,6.69,24029000.0,6.83,6.42,1689.209961,1683.420044
2013-09-13,6.7,6.72,17339100.0,6.87,6.64,1685.040039,1687.98999
2013-09-16,6.74,6.64,15762100.0,6.83,6.61,1691.699951,1697.599976
2013-09-17,6.59,6.39,29793500.0,6.6,6.37,1697.72998,1704.76001
2013-09-18,6.37,6.44,24870300.0,6.45,6.25,1705.73999,1725.52002
2013-09-19,6.46,6.49,13184600.0,6.5,6.3,1727.339966,1722.339966
2013-09-20,6.48,6.26,28682200.0,6.49,6.18,1722.439941,1709.910034
2013-09-23,6.19,6.15,30035400.0,6.2,6.02,1711.439941,1701.839966
2013-09-24,6.14,6.19,12635500.0,6.24,6.05,1702.599976,1697.420044
2013-09-25,6.28,6.19,19995500.0,6.3,6.04,1698.02002,1692.77002
2013-09-26,6.18,6.3,11247900.0,6.33,6.18,1694.050049,1698.670044
2013-09-27,6.28,6.16,7341000.0,6.32,6.13,1695.52002,1691.75
2013-09-30,6.09,6.22,19916300.0,6.27,6.04,1687.26001,1681.550049
2013-10-01,6.25,6.29,14919300.0,6.4,6.19,1682.410034,1695.0
2013-10-02,6.26,6.35,9581400.0,6.35,6.22,1691.900024,1693.869995
2013-10-03,6.34,6.29,20216400.0,6.37,6.25,1692.349976,1678.660034
2013-10-04,6.29,6.44,10848500.0,6.44,6.26,1678.790039,1690.5
2013-10-07,6.41,6.38,6762500.0,6.45,6.36,1687.150024,1676.119995
2013-10-08,6.38,6.13,19674700.0,6.43,6.11,1676.219971,1655.449951
2013-10-09,6.14,6.0,15925900.0,6.17,5.99,1656.98999,1656.400024
2013-10-10,6.04,5.97,23754400.0,6.08,5.92,1660.880005,1692.560059
2013-10-11,6.03,6.0,17832400.0,6.15,5.93,1691.089966,1703.199951
2013-10-14,6.0,6.03,8172900.0,6.09,6.0,1699.859985,1710.140015
2013-10-15,6.11,6.03,18542700.0,6.11,5.95,1709.170044,1698.060059
2013-10-16,6.1,6.3,23866000.0,6.35,6.09,1700.48999,1721.540039
2013-10-17,6.36,6.42,13360200.0,6.42,6.24,1720.170044,1733.150024
2013-10-18,6.46,6.4,15582400.0,6.55,6.3,1736.719971,1744.5
2013-10-21,6.45,6.35,5440100.0,6.48,6.33,1745.199951,1744.660034
2013-10-22,6.39,6.39,10193700.0,6.46,6.3,1746.47998,1754.670044
2013-10-23,6.37,6.43,9675200.0,6.44,6.3,1752.27002,1746.380005
2013-10-24,6.39,6.52,13992900.0,6.53,6.36,1747.47998,1752.069946
2013-10-25,6.51,6.45,12522500.0,6.53,6.39,1756.01001,1759.77002
2013-10-28,6.48,6.61,21255800.0,6.68,6.46,1759.420044,1762.109985
2013-10-29,6.6,6.68,22954000.0,6.82,6.6,1762.930054,1771.949951
2013-10-30,6.76,6.93,52955100.0,7.0,6.41,1772.27002,1763.310059
2013-10-31,6.85,6.73,22001300.0,6.89,6.67,1763.23999,1756.540039
2013-11-01,6.73,6.87,13932700.0,6.87,6.73,1758.699951,1761.640015
2013-11-04,6.91,7.03,19481700.0,7.12,6.9,1763.400024,1767.930054
2013-11-05,7.07,7.19,49424900.0,7.36,6.9,1765.670044,1762.969971
2013-11-06,7.21,7.07,16777500.0,7.28,7.01,1765.0,1770.48999
2013-11-07,7.09,6.99,18458100.0,7.12,6.81,1770.73999,1747.150024
2013-11-08,7.0,7.07,19935300.0,7.09,6.9,1748.369995,1770.609985
2013-11-11,7.09,6.98,7416500.0,7.09,6.94,1769.959961,1771.890015
2013-11-12,7.01,6.99,8642900.0,7.01,6.9,1769.51001,1767.689941
2013-11-13,6.94,7.06,6455600.0,7.06,6.93,1764.369995,1782.0
2013-11-14,7.04,7.11,8674900.0,7.12,7.0,1782.75,1790.619995
2013-11-15,7.1,7.42,22387600.0,7.43,7.07,1790.660034,1798.180054
2013-11-18,7.44,7.64,31637500.0,7.8,7.44,1798.819946,1791.530029
2013-11-19,7.67,7.49,11617700.0,7.69,7.44,1790.790039,1787.869995
2013-11-20,7.51,7.35,23069800.0,7.75,7.32,1789.589966,1781.369995
2013-11-21,7.37,7.95,43896000.0,8.19,7.36,1783.52002,1795.849976
2013-11-22,7.94,7.83,22482700.0,8.02,7.8,1797.209961,1804.76001
2013-11-25,7.78,7.82,9040700.0,7.88,7.66,1806.329956,1802.47998
2013-11-26,7.8,8.15,29810500.0,8.34,7.8,1802.869995,1802.75
2013-11-27,8.27,8.36,13807700.0,8.47,8.13,1803.47998,1807.22998
2013-11-29,8.45,8.39,14733500.0,8.75,8.39,1808.689941,1805.810059
2013-12-02,8.3,8.2,16166000.0,8.38,8.05,1806.550049,1800.900024
2013-12-03,8.12,8.04,23796100.0,8.23,7.96,1800.099976,1795.150024
2013-12-04,8.0,7.95,18941100.0,8.12,7.81,1793.150024,1792.810059
2013-12-05,8.14,8.0,18852500.0,8.29,7.91,1792.819946,1785.030029
2013-12-06,8.02,7.89,18082700.0,8.07,7.87,1788.359985,1805.089966
2013-12-09,7.95,7.99,14513900.0,8.06,7.92,1806.209961,1808.369995
2013-12-10,7.94,7.98,17852900.0,7.98,7.83,1807.599976,1802.619995
2013-12-11,7.98,8.11,15242500.0,8.11,7.96,1802.76001,1782.219971
2013-12-12,8.13,8.15,16536200.0,8.17,7.99,1781.709961,1775.5
2013-12-13,8.15,8.43,19442700.0,8.6,8.14,1777.97998,1775.319946
2013-12-16,8.68,8.31,36582900.0,8.88,8.16,1777.47998,1786.540039
2013-12-17,8.37,8.76,28911900.0,8.81,8.34,1786.469971,1781.0
2013-12-18,8.72,8.95,22806400.0,8.99,8.67,1781.459961,1810.650024
2013-12-19,8.97,9.24,26770400.0,9.35,8.92,1809.0,1809.599976
2013-12-20,9.39,9.86,42108900.0,9.87,9.39,1810.390015,1818.319946
2013-12-23,9.93,9.68,21853300.0,9.97,9.6,1822.920044,1827.98999
2013-12-24,9.68,9.66,9959200.0,9.73,9.55,1828.02002,1833.319946
2013-12-26,9.79,9.96,18323400.0,9.97,9.79,1834.959961,1842.02002
2013-12-27,10.17,10.79,50750000.0,11.47,10.14,1842.969971,1841.400024
2013-12-30,10.89,10.58,22530900.0,11.0,10.44,1841.469971,1841.069946
2013-12-31,10.65,10.75,12103100.0,10.85,10.53,1842.609985,1848.359985
2014-01-02,10.47,10.4,21180000.0,10.69,10.25,1845.859985,1831.97998
2014-01-03,10.03,9.94,25580700.0,10.16,9.73,1833.209961,1831.369995
2014-01-06,9.67,9.77,25470500.0,9.85,9.35,1832.310059,1826.77002
2014-01-07,9.76,9.87,17242500.0,10.19,9.72,1828.709961,1837.880005
2014-01-08,9.89,9.98,16259900.0,10.04,9.64,1837.900024,1837.48999
2014-01-09,9.88,9.42,34362700.0,9.88,9.33,1839.0,1838.130005
2014-01-10,9.47,9.46,13895700.0,9.57,9.36,1840.060059,1842.369995
2014-01-13,9.36,9.09,14682800.0,9.4,9.01,1841.26001,1819.199951
2014-01-14,9.14,9.17,22453900.0,9.28,9.05,1821.359985,1838.880005
2014-01-15,9.18,9.08,12598600.0,9.31,9.08,1840.52002,1848.380005
2014-01-16,9.24,9.03,19218200.0,9.29,8.96,1847.98999,1845.890015
2014-01-17,9.23,8.97,24655600.0,9.25,8.93,1844.22998,1838.699951
2014-01-21,9.07,9.04,13309600.0,9.14,8.92,1841.050049,1843.800049
2014-01-22,9.1,9.07,12652700.0,9.13,9.05,1844.709961,1844.859985
2014-01-23,8.99,8.92,10185400.0,9.04,8.89,1842.290039,1828.459961
2014-01-24,8.87,8.4,21450200.0,8.92,8.37,1826.959961,1790.290039
2014-01-27,8.47,8.87,27742100.0,9.02,8.47,1791.030029,1781.560059
2014-01-28,8.91,8.86,13272900.0,9.01,8.86,1783.0,1792.5
2014-01-29,8.53,8.65,23988800.0,8.68,8.25,1790.150024,1774.199951
2014-01-30,8.73,8.39,13003800.0,8.77,8.35,1777.170044,1794.189941
2014-01-31,8.36,8.27,17300200.0,8.43,8.16,1790.880005,1782.589966
2014-02-03,8.19,7.85,25348300.0,8.32,7.81,1782.680054,1741.890015
2014-02-04,7.9,7.84,23047200.0,7.98,7.66,1743.819946,1755.199951
2014-02-05,7.76,8.5,58868600.0,8.73,7.42,1753.380005,1751.640015
2014-02-06,8.14,7.88,25992600.0,8.23,7.79,1752.98999,1773.430054
2014-02-07,7.91,8.02,15399100.0,8.18,7.91,1776.01001,1797.02002
2014-02-10,7.88,7.69,31528000.0,7.91,7.5,1796.199951,1799.839966
2014-02-11,8.24,7.9,44208300.0,8.32,7.78,1800.449951,1819.75
2014-02-12,8.12,8.07,14977000.0,8.18,7.98,1820.119995,1819.26001
2014-02-13,7.99,8.41,32538100.0,8.53,7.97,1814.819946,1829.829956
2014-02-14,8.44,8.4,9386100.0,8.45,8.3,1828.459961,1838.630005
2014-02-18,8.4,8.2,15853600.0,8.43,8.14,1839.030029,1840.76001
2014-02-19,8.17,8.16,6943600.0,8.26,8.14,1838.900024,1828.75
2014-02-20,8.12,8.27,8575900.0,8.29,8.12,1829.23999,1839.780029
2014-02-21,8.26,8.29,19060500.0,8.71,8.21,1841.069946,1836.25
2014-02-24,8.33,8.4,14764000.0,8.54,8.32,1836.780029,1847.609985
2014-02-25,8.37,8.27,13309400.0,8.5,8.22,1847.660034,1845.119995
2014-02-26,8.27,8.39,12685800.0,8.42,8.15,1845.790039,1845.160034
2014-02-27,8.33,8.65,13711200.0,8.72,8.32,1844.900024,1854.290039
2014-02-28,8.66,8.74,14031400.0,8.77,8.53,1855.119995,1859.449951
2014-03-03,8.53,8.83,17599200.0,8.85,8.4,1857.680054,1845.72998
2014-03-04,8.99,9.19,22936300.0,9.22,8.95,1849.22998,1873.910034
2014-03-05,9.17,9.12,23398700.0,9.38,8.99,1874.050049,1873.810059
2014-03-06,9.16,8.88,19955800.0,9.25,8.74,1874.180054,1877.030029
2014-03-07,8.91,8.63,13817700.0,8.98,8.55,1878.52002,1878.040039
2014-03-10,8.52,8.71,18935800.0,8.73,8.4,1877.859985,1877.170044
2014-03-11,8.8,8.78,19419900.0,8.91,8.67,1878.26001,1867.630005
2014-03-12,8.72,8.78,12090300.0,8.81,8.66,1866.150024,1868.199951
2014-03-13,8.8,8.62,14774100.0,8.83,8.5,1869.060059,1846.339966
2014-03-14,8.56,8.78,16788400.0,8.86,8.47,1845.069946,1841.130005
2014-03-17,8.79,8.77,11364400.0,8.8,8.64,1842.810059,1858.829956
2014-03-18,8.78,8.68,11832400.0,8.85,8.65,1858.920044,1872.25
2014-03-19,8.7,8.72,8735600.0,8.8,8.67,1872.25,1860.77002
2014-03-20,8.71,9.1,17676500.0,9.14,8.68,1860.089966,1872.01001
2014-03-21,9.13,9.05,31569000.0,9.46,8.9,1874.530029,1866.52002
2014-03-24,9.15,9.11,11658100.0,9.21,8.84,1867.670044,1857.439941
2014-03-25,9.11,9.06,13796200.0,9.2,9.0,1859.47998,1865.619995
2014-03-26,9.12,8.97,12299400.0,9.3,8.95,1867.089966,1852.560059
2014-03-27,9.03,9.27,17867700.0,9.44,9.02,1852.109985,1849.040039
2014-03-28,9.27,9.29,12032800.0,9.35,9.12,1850.069946,1857.619995
2014-03-31,9.27,9.19,10347700.0,9.32,9.11,1859.160034,1872.339966
2014-04-01,9.24,9.57,14613800.0,9.6,9.14,1873.959961,1885.52002
2014-04-02,9.55,9.39,15210000.0,9.55,9.28,1886.609985,1890.900024
2014-04-03,9.43,9.4,13581100.0,9.57,9.32,1891.430054,1888.77002
2014-04-04,9.47,9.26,8236300.0,9.51,9.2,1890.25,1865.089966
2014-04-07,9.19,8.84,22563600.0,9.22,8.8,1863.920044,1845.040039
2014-04-08,8.85,8.72,17316900.0,9.03,8.71,1845.47998,1851.959961
2014-04-09,8.79,8.8,14342400.0,9.0,8.75,1852.640015,1872.180054
2014-04-10,8.8,8.8,9937200.0,9.02,8.78,1872.280029,1833.079956
2014-04-11,8.76,8.25,20440200.0,8.77,8.15,1830.650024,1815.689941
2014-04-14,8.32,8.21,11689800.0,8.36,8.1,1818.180054,1830.609985
2014-04-15,8.2,8.09,19213790.0,8.2301,7.84,1831.449951,1842.97998
2014-04-16,8.19,8.37,10983260.0,8.4,8.1401,1846.01001,1862.310059
2014-04-17,8.34,8.52,9835309.0,8.69,8.34,1861.72998,1864.849976
2014-04-21,8.52,8.55,6598794.0,8.63,8.46,1865.790039,1871.890015
2014-04-22,8.59,8.59,9863508.0,8.85,8.55,1872.569946,1879.550049
2014-04-23,8.59,8.37,9849652.0,8.63,8.35,1879.319946,1875.390015
2014-04-24,8.47,8.06,17860088.0,8.48,8.02,1881.969971,1878.609985
2014-04-25,8.15,7.82,20718100.0,8.16,7.8,1877.719971,1863.400024
2014-04-28,7.86,7.43,33210497.0,7.945,7.38,1865.0,1869.430054
2014-04-29,7.66,8.27,45573381.0,8.29,7.51,1870.780029,1878.329956
2014-04-30,8.2,8.5,26857366.0,8.59,8.07,1877.099976,1883.949951
2014-05-01,8.97,8.73,34210320.0,9.03,8.61,1884.390015,1883.680054
2014-05-02,8.69,8.7,14923096.0,8.71,8.39,1885.300049,1881.140015
2014-05-05,8.6,8.76,8326065.0,8.8,8.5,1879.449951,1884.660034
2014-05-06,8.73,8.68,8105045.0,8.79,8.66,1883.689941,1867.719971
2014-05-07,8.69,8.73,10323532.0,8.88,8.64,1868.530029,1878.209961
2014-05-08,8.71,8.77,12326099.0,8.94,8.66,1877.390015,1875.630005
2014-05-12,8.83,8.97,12262720.0,9.0,8.78,1880.030029,1896.650024
2014-05-13,8.98,9.03,11185851.0,9.07,8.98,1896.75,1897.449951
2014-05-14,9.01,8.99,11564241.0,9.11,8.94,1897.130005,1888.530029
2014-05-15,9.01,9.53,39373273.0,9.66,9.0,1888.160034,1870.849976
2014-05-16,9.43,9.01,23065608.0,9.57,8.98,1871.189941,1877.859985
2014-05-20,9.1,8.99,11610952.0,9.13,8.95,1884.880005,1872.829956
2014-05-21,9.0,9.1,6936522.0,9.2,8.9924,1873.339966,1888.030029
2014-05-22,9.13,9.06,12857419.0,9.195,8.96,1888.189941,1892.48999
2014-05-23,9.1,9.24,13108320.0,9.28,9.02,1893.319946,1900.530029
2014-05-27,9.27,9.23,10703249.0,9.34,9.15,1902.01001,1911.910034
2014-05-28,9.24,9.2,8600448.0,9.28,9.17,1911.77002,1909.780029
2014-05-29,9.4,9.44,19301854.0,9.76,9.35,1910.599976,1920.030029
2014-05-30,9.44,9.55,16284970.0,9.63,9.38,1920.329956,1923.569946
2014-06-02,9.52,9.71,11993061.0,9.75,9.49,1923.869995,1924.969971
2014-06-03,9.66,9.5,11881541.0,9.66,9.4,1923.069946,1924.23999
2014-06-04,9.45,9.4,11431148.0,9.585,9.35,1923.060059,1927.880005
2014-06-05,9.55,9.02,39752946.0,9.57,8.88,1928.52002,1940.459961
2014-06-06,9.03,8.78,28882750.0,9.13,8.755,1942.410034,1949.439941
2014-06-09,8.81,8.77,12460982.0,8.88,8.66,1948.969971,1951.27002
2014-06-10,8.91,8.84,12904984.0,8.955,8.77,1950.339966,1950.790039
2014-06-11,8.79,8.75,8711114.0,8.87,8.7,1949.369995,1943.890015
2014-06-12,8.76,8.59,10622123.0,8.8,8.49,1943.349976,1930.109985
2014-06-13,8.58,8.73,12058563.0,8.89,8.56,1930.800049,1936.160034
2014-06-16,8.69,8.61,7977237.0,8.71,8.5,1934.839966,1937.780029
2014-06-17,8.61,8.64,9265002.0,8.73,8.56,1937.150024,1941.98999
2014-06-18,8.6,8.52,9820212.0,8.71,8.41,1942.72998,1956.97998
2014-06-19,8.55,8.46,10135639.0,8.61,8.38,1957.5,1959.47998
2014-06-20,8.49,8.41,17433031.0,8.56,8.23,1960.449951,1962.869995
2014-06-23,8.45,8.36,8173748.0,8.47,8.31,1962.920044,1962.609985
2014-06-24,8.39,8.24,11528506.0,8.42,8.19,1961.969971,1949.97998
2014-06-25,8.25,8.54,15806091.0,8.67,8.22,1949.27002,1959.530029
2014-06-26,8.52,8.41,6641010.0,8.53,8.34,1959.890015,1957.219971
2014-06-27,8.4,8.51,11880476.0,8.54,8.4,1956.560059,1960.959961
2014-06-30,8.54,8.53,8166371.0,8.65,8.45,1960.790039,1960.22998
2014-07-01,8.55,8.53,9648324.0,8.65,8.45,1962.290039,1973.319946
2014-07-02,8.54,8.48,8696865.0,8.585,8.46,1973.060059,1974.619995
2014-07-03,8.52,8.6,3697274.0,8.6,8.48,1975.880005,1985.439941
2014-07-07,8.59,8.5,4884420.0,8.63,8.49,1984.219971,1977.650024
2014-07-08,8.48,8.32,6009890.0,8.51,8.32,1976.390015,1963.709961
2014-07-09,8.38,8.41,5010996.0,8.47,8.29,1965.099976,1972.829956
2014-07-10,8.32,8.25,7453344.0,8.375,8.21,1966.670044,1964.680054
2014-07-11,8.3,8.55,23809944.0,8.68,8.25,1965.76001,1967.569946
2014-07-14,8.59,8.44,9466083.0,8.62,8.38,1969.859985,1977.099976
2014-07-15,8.395,8.11,21992117.0,8.42,7.98,1977.359985,1973.280029
2014-07-16,8.15,8.14,10046658.0,8.21,8.07,1976.349976,1981.569946
2014-07-17,8.12,8.0,9357561.0,8.15,7.94,1979.75,1958.119995
2014-07-18,8.01,7.9,24145280.0,8.01,7.83,1961.540039,1978.219971
2014-07-21,7.92,7.67,12586125.0,7.93,7.62,1976.930054,1973.630005
2014-07-22,7.765,7.64,8642217.0,7.78,7.6,1975.650024,1983.530029
2014-07-23,7.65,7.68,6602793.0,7.74,7.625,1985.319946,1987.01001
2014-07-24,7.72,7.77,6828293.0,7.78,7.67,1988.069946,1987.97998
2014-07-25,7.81,7.72,4932205.0,7.81,7.69,1984.599976,1978.339966
2014-07-28,7.71,7.64,5798872.0,7.76,7.63,1978.25,1978.910034
2014-07-29,7.9,8.0,28910258.0,8.08,7.69,1980.030029,1969.949951
2014-07-30,8.17,7.76,24951276.0,8.2,7.74,1973.209961,1970.069946
2014-07-31,7.63,7.37,76586410.0,7.97,7.07,1965.140015,1930.670044
2014-08-01,7.39,7.45,19169804.0,7.6,7.295,1929.800049,1925.150024
2014-08-04,7.35,7.37,14764358.0,7.41,7.2,1926.619995,1938.98999
2014-08-05,7.34,7.28,16132575.0,7.48,7.16,1936.339966,1920.209961
2014-08-06,5.97,5.9,159088026.0,6.14,5.83,1917.290039,1920.23999
2014-08-07,6.01,5.88,44855446.0,6.04,5.82,1923.030029,1909.569946
2014-08-08,5.89,5.67,55805544.0,5.9,5.53,1910.349976,1931.589966
2014-08-11,5.76,5.74,24499466.0,5.79,5.59,1933.430054,1936.920044
2014-08-12,5.76,5.86,19938930.0,5.89,5.71,1935.72998,1933.75
2014-08-13,5.86,5.82,16558299.0,5.87,5.72,1935.599976,1946.719971
2014-08-14,5.82,5.71,28100599.0,5.84,5.67,1947.410034,1955.180054
2014-08-15,5.72,5.69,25722922.0,5.76,5.61,1958.869995,1955.060059
2014-08-18,5.75,5.62,32774409.0,5.75,5.58,1958.359985,1971.73999
2014-08-19,5.6,5.39,44255012.0,5.63,5.36,1972.72998,1981.599976
2014-08-20,5.43,5.5,27259247.0,5.55,5.37,1980.459961,1986.51001
2014-08-21,5.54,5.56,25126741.0,5.61,5.45,1986.819946,1992.369995
2014-08-22,5.56,5.54,16103629.0,5.57,5.48,1992.599976,1988.400024
2014-08-25,5.56,5.58,16315628.0,5.62,5.54,1991.73999,1997.920044
2014-08-26,5.59,5.77,23574776.0,5.83,5.58,1998.589966,2000.02002
2014-08-27,5.8,5.69,21061833.0,5.85,5.66,2000.540039,2000.119995
2014-08-28,5.64,5.66,12937136.0,5.73,5.61,1997.420044,1996.73999
2014-08-29,5.68,5.61,10919317.0,5.695,5.59,1998.449951,2003.369995
2014-09-02,5.64,5.54,18311703.0,5.66,5.5,2004.069946,2002.280029
2014-09-03,5.57,5.64,19872623.0,5.71,5.56,2003.569946,2000.719971
2014-09-04,5.66,5.77,19909811.0,5.78,5.62,2001.670044,1997.650024
2014-09-05,5.75,5.88,39412111.0,6.03,5.73,1998.0,2007.709961
2014-09-08,5.88,5.78,9480873.0,5.93,5.77,2007.170044,2001.540039
2014-09-09,5.81,5.77,17687344.0,5.92,5.75,2000.72998,1988.439941
2014-09-10,5.81,6.15,54926047.0,6.38,5.71,1988.410034,1995.689941
2014-09-11,6.07,6.57,79303756.0,6.7,5.97,1992.849976,1997.449951
2014-09-12,6.87,7.0,99642227.0,7.15,6.86,1996.73999,1985.540039
2014-09-15,7.02,6.94,31749101.0,7.03,6.86,1986.040039,1984.130005
2014-09-16,6.83,6.77,35734138.0,6.8698,6.63,1981.930054,1998.97998
2014-09-17,6.75,6.69,21385991.0,6.82,6.59,1999.300049,2001.569946
2014-09-18,6.69,6.85,20223963.0,6.87,6.6,2003.069946,2011.359985
2014-09-19,6.85,6.88,25822789.0,6.98,6.81,2012.73999,2010.400024
2014-09-22,6.85,6.8,16694771.0,6.86,6.72,2009.079956,1994.290039
2014-09-23,6.67,6.67,16124911.0,6.75,6.56,1992.780029,1982.77002
2014-09-24,6.7,6.64,12472895.0,6.78,6.61,1983.339966,1998.300049
2014-09-25,6.69,6.39,22727975.0,6.69,6.34,1997.319946,1965.98999
2014-09-26,6.4,6.42,22992909.0,6.48,6.26,1966.219971,1982.849976
2014-09-29,6.35,6.35,11163581.0,6.43,6.3,1978.959961,1977.800049
2014-09-30,6.37,6.34,14531743.0,6.46,6.3,1978.209961,1972.290039
2014-10-01,6.41,6.25,19910690.0,6.45,6.23,1971.439941,1946.160034
2014-10-03,6.28,6.25,20674976.0,6.31,6.14,1948.119995,1967.900024
2014-10-06,6.28,6.0,28057198.0,6.33,5.97,1970.01001,1964.819946
2014-10-07,5.93,6.04,15243837.0,6.12,5.88,1962.359985,1935.099976
2014-10-08,5.97,6.07,25339544.0,6.09,5.81,1935.550049,1968.890015
2014-10-09,6.07,5.98,19207263.0,6.155,5.95,1967.680054,1928.209961
2014-10-10,5.94,5.8,20358474.0,5.98,5.71,1925.630005,1906.130005
2014-10-13,5.77,5.9,23781078.0,6.04,5.77,1905.650024,1874.73999
2014-10-14,5.83,6.04,23079284.0,6.09,5.83,1877.109985,1877.699951
2014-10-15,5.98,6.11,20329684.0,6.12,5.83,1874.180054,1862.48999
2014-10-16,5.92,5.94,26874719.0,6.145,5.92,1855.949951,1862.76001
2014-10-17,6.0,6.03,19082600.0,6.08,5.981,1864.910034,1886.76001
2014-10-20,6.0,6.1,10771720.0,6.15,5.98,1885.619995,1904.01001
2014-10-21,6.14,6.24,17388540.0,6.27,6.12,1909.380005,1941.280029
2014-10-22,6.27,6.06,19717250.0,6.3,6.04,1941.290039,1927.109985
2014-10-23,6.1,6.09,14017037.0,6.18,6.06,1931.02002,1950.819946
2014-10-24,6.12,6.08,10986565.0,6.14,6.04,1951.589966,1964.579956
2014-10-28,6.09,6.04,33202400.0,6.19,6.0,1964.140015,1985.050049
2014-10-29,6.04,6.0,17312506.0,6.09,5.98,1983.290039,1982.300049
2014-10-30,6.1,6.0,31502855.0,6.11,5.97,1979.48999,1994.650024
2014-10-31,6.05,5.93,30126827.0,6.08,5.91,2001.199951,2018.050049
2014-11-03,5.93,6.2,34161986.0,6.25,5.91,2018.209961,2017.810059
2014-11-04,5.44,5.18,160611665.0,5.46,4.86,2015.810059,2012.099976
2014-11-06,4.93,4.69,45287749.0,4.94,4.65,2023.329956,2031.209961
2014-11-07,4.71,4.72,27499062.0,4.81,4.68,2032.359985,2031.920044
2014-11-10,4.76,4.88,24697260.0,4.9,4.72,2032.01001,2038.26001
2014-11-11,4.91,4.89,24425070.0,4.94,4.82,2038.199951,2039.680054
2014-11-12,4.89,5.0,39075010.0,5.19,4.84,2037.75,2038.25
2014-11-13,5.03,5.0,19252690.0,5.07,4.97,2039.209961,2039.329956
2014-11-14,5.015,5.05,17297890.0,5.1,5.0,2039.73999,2039.819946
2014-11-17,5.04,4.91,12774970.0,5.05,4.9,2038.290039,2041.319946
2014-11-18,4.9,4.76,18309459.0,4.91,4.75,2041.47998,2051.800049
2014-11-19,4.795,4.71,13305991.0,4.795,4.69,2051.159912,2048.719971
2014-11-20,4.7,4.83,16631204.0,4.89,4.64,2045.869995,2052.75
2014-11-21,4.84,4.96,15143530.0,4.97,4.81,2057.459961,2063.5
2014-11-24,4.99,4.89,18811530.0,5.0,4.86,2065.070068,2069.409912
2014-11-25,4.855,5.09,24803423.0,5.11,4.84,2070.149902,2067.030029
2014-11-26,5.01,5.07,8407504.0,5.1,4.99,2067.360107,2072.830078
2014-11-28,5.1,5.12,5499067.0,5.15,5.06,2074.780029,2067.560059
2014-12-01,5.09,4.87,17404161.0,5.09,4.81,2065.780029,2053.439941
2014-12-02,4.92,4.72,19925677.0,4.93,4.7,2053.77002,2066.550049
2014-12-04,4.67,4.86,23306021.0,4.91,4.67,2073.639893,2071.919922
2014-12-05,4.88,4.85,7810051.0,4.92,4.8,2072.780029,2075.370117
2014-12-08,4.83,4.75,14847385.0,4.83,4.72,2074.840088,2060.310059
2014-12-09,4.64,4.57,20648689.0,4.67,4.53,2056.550049,2059.820068
2014-12-10,4.44,4.36,44907429.0,4.48,4.22,2058.860107,2026.140015
2014-12-11,4.385,4.4,22727967.0,4.565,4.37,2027.920044,2035.329956
2014-12-12,4.36,4.08,30558571.0,4.39,3.98,2030.359985,2002.329956
2014-12-15,4.13,4.05,24998562.0,4.19,4.03,2005.030029,1989.630005
2014-12-16,4.02,3.81,32208754.0,4.05,3.8,1986.709961,1972.73999
2014-12-17,3.81,3.97,31062966.0,4.01,3.79,1973.77002,2012.890015
2014-12-18,4.0,4.08,21291393.0,4.14,3.98,2018.97998,2061.22998
2014-12-19,4.07,4.16,38848362.0,4.16,3.99,2061.040039,2070.649902
2014-12-22,4.115,4.21,32059726.0,4.24,4.08,2069.280029,2078.540039
2014-12-23,4.24,4.24,25022942.0,4.28,4.19,2081.47998,2082.169922
2014-12-24,4.19,4.19,18107692.0,4.23,4.16,2083.25,2081.879883
2014-12-26,4.205,4.34,7833329.0,4.35,4.2,2084.300049,2088.77002
2014-12-30,4.19,4.12,13873072.0,4.22,4.07,2088.48999,2080.350098
2014-12-31,4.115,4.15,14452662.0,4.21,4.09,2082.110107,2058.899902
2015-01-02,4.18,4.24,12789946.0,4.31,4.17,2058.899902,2058.199951
2015-01-05,4.24,4.21,17368712.0,4.32,4.2,2054.439941,2020.579956
2015-01-06,4.265,4.19,34270249.0,4.27,4.1,2022.150024,2002.609985
2015-01-07,4.19,4.22,9866239.0,4.26,4.18,2005.550049,2025.900024
2015-01-08,4.39,4.16,24619068.0,4.39,4.15,2030.609985,2062.139893
2015-01-12,4.13,4.13,15507990.0,4.15,4.01,2046.130005,2028.26001
2015-01-14,4.07,4.13,9207879.0,4.15,4.06,2018.400024,2011.27002
2015-01-15,4.13,4.09,11249373.0,4.14,4.07,2013.75,1992.670044
2015-01-20,4.12,4.16,14805924.0,4.2,4.07,2020.76001,2022.550049
2015-01-21,4.14,4.39,22957667.0,4.49,4.11,2020.189941,2032.119995
2015-01-22,4.42,4.29,16720190.0,4.45,4.225,2034.300049,2063.149902
2015-01-23,4.31,4.26,8847742.0,4.31,4.21,2062.97998,2051.820068
2015-01-26,4.23,4.37,11735800.0,4.45,4.18,2050.419922,2057.090088
2015-01-28,4.43,4.36,11911490.0,4.55,4.35,2032.339966,2002.160034
2015-01-29,4.34,4.25,16484389.0,4.37,4.16,2002.449951,2021.25
2015-01-30,4.26,4.3,19976847.0,4.41,4.22,2019.349976,1994.98999
2015-02-02,4.31,4.27,16722453.0,4.385,4.21,1996.670044,2020.849976
2015-02-03,4.3,4.49,18899216.0,4.57,4.26,2022.709961,2050.030029
2015-02-04,4.49,4.58,24641600.0,4.64,4.46,2048.860107,2041.51001
2015-02-05,4.65,4.82,37836730.0,4.97,4.55,2043.449951,2062.52002
2015-02-06,4.87,4.92,28307460.0,4.96,4.67,2062.280029,2055.469971
2015-02-09,4.89,4.87,17821630.0,4.98,4.8,2053.469971,2046.73999
2015-02-10,4.93,4.92,13167042.0,4.99,4.85,2049.379883,2068.590088
2015-02-11,4.95,5.03,14337964.0,5.07,4.92,2068.550049,2068.530029
2015-02-12,5.04,5.15,13900588.0,5.17,5.03,2069.97998,2088.47998
2015-02-13,5.17,5.23,10374423.0,5.25,5.16,2088.780029,2096.98999
2015-02-17,5.27,5.18,21069553.0,5.28,5.1,2096.469971,2100.340088
2015-02-18,5.16,4.98,21235030.0,5.19,4.93,2099.159912,2099.679932
2015-02-19,4.99,4.88,20958794.0,5.05,4.8,2099.25,2097.449951
2015-02-20,4.81,4.83,14204844.0,4.84,4.7,2097.649902,2110.300049
2015-02-23,4.8,4.67,18062069.0,4.8,4.54,2109.830078,2109.659912
2015-02-24,4.48,4.63,18112707.0,4.65,4.43,2109.100098,2115.47998
2015-02-25,4.63,4.96,32406410.0,4.99,4.61,2115.300049,2113.860107
2015-02-26,4.93,4.77,13884890.0,5.02,4.77,2113.909912,2110.73999
2015-02-27,4.84,5.12,36785230.0,5.15,4.83,2110.879883,2104.5
2015-03-02,5.14,5.09,16680930.0,5.16,5.08,2105.22998,2117.389893
2015-03-03,5.11,5.24,14728590.0,5.25,5.1,2115.76001,2107.780029
2015-03-04,5.22,5.21,11892840.0,5.25,5.11,2107.719971,2098.530029
2015-03-05,5.24,5.38,17228548.0,5.45,5.23,2098.540039,2101.040039
2015-03-06,5.38,5.23,12288476.0,5.42,5.15,2100.909912,2071.26001
2015-03-09,5.23,5.34,11605300.0,5.35,5.17,2072.25,2079.429932
2015-03-10,5.27,5.04,19808723.0,5.28,5.01,2076.139893,2044.160034
2015-03-11,5.11,5.05,13176505.0,5.115,5.01,2044.689941,2040.23999
2015-03-12,5.11,5.1,8103881.0,5.13,5.02,2041.099976,2065.949951
2015-03-13,5.08,5.12,13498544.0,5.18,5.05,2064.560059,2053.399902
2015-03-16,5.14,5.15,10708106.0,5.15,5.01,2055.350098,2081.189941
2015-03-17,5.12,5.09,6775627.0,5.14,5.05,2080.590088,2074.280029
2015-03-18,5.09,5.08,10010179.0,5.1,4.95,2072.840088,2099.5
2015-03-19,5.09,4.99,10908291.0,5.09,4.94,2098.689941,2089.27002
2015-03-20,5.01,4.95,15657807.0,5.11,4.94,2090.320068,2108.100098
2015-03-23,4.95,5.08,11208741.0,5.08,4.94,2107.98999,2104.419922
2015-03-24,5.01,4.97,11798309.0,5.09,4.95,2103.939941,2091.5
2015-03-25,4.99,4.76,14979925.0,5.0,4.76,2093.100098,2061.050049
2015-03-26,4.71,4.79,11335203.0,4.865,4.65,2059.939941,2056.149902
2015-03-27,4.77,4.72,9219233.0,4.79,4.69,2055.780029,2061.02002
2015-03-30,4.75,4.75,8824724.0,4.85,4.71,2064.110107,2086.23999
2015-03-31,4.74,4.74,12942294.0,4.76,4.65,2084.050049,2067.889893
2015-04-01,4.75,4.73,18831506.0,4.76,4.65,2067.629883,2059.689941
2015-04-02,4.72,4.85,17168943.0,4.87,4.72,2060.030029,2066.959961
2015-04-06,4.805,4.97,23183182.0,5.0,4.8,2064.870117,2080.620117
2015-04-07,5.035,4.99,8043522.0,5.07,4.97,2080.790039,2076.330078
2015-04-08,5.0,4.91,11295164.0,5.02,4.89,2076.939941,2081.899902
2015-04-09,4.925,4.93,14734536.0,4.96,4.84,2081.290039,2091.179932
2015-04-10,4.96,4.97,8718227.0,5.03,4.95,2091.51001,2102.060059
2015-04-13,5.01,4.98,7432879.0,5.04,4.95,2102.030029,2092.429932
2015-04-14,4.99,4.99,9306306.0,5.01,4.955,2092.280029,2095.840088
2015-04-15,4.99,5.04,8579759.0,5.05,4.97,2097.820068,2106.629883
2015-04-16,5.03,5.1,14158956.0,5.16,5.01,2105.959961,2104.98999
2015-04-17,5.07,5.11,6644857.0,5.12,5.03,2102.580078,2081.179932
2015-04-20,5.1199,4.99,8501649.0,5.12,4.98,2084.110107,2100.399902
2015-04-21,4.99,4.98,8063371.0,5.01,4.93,2102.820068,2097.290039
2015-04-22,4.98,5.08,7079122.0,5.08,4.94,2098.27002,2107.959961
2015-04-23,5.07,5.24,15936752.0,5.3,5.06,2107.209961,2112.929932
2015-04-24,5.27,5.27,12290457.0,5.39,5.18,2112.800049,2117.689941
2015-04-27,5.27,5.26,7909503.0,5.34,5.19,2119.290039,2108.919922
2015-04-28,5.26,5.29,8741241.0,5.36,5.25,2108.350098,2114.76001
2015-04-29,5.29,5.3,6982683.0,5.33,5.25,2112.48999,2106.850098
2015-04-30,5.28,5.13,15245175.0,5.28,5.06,2105.52002,2085.51001
2015-05-01,5.15,5.22,10963642.0,5.22,5.085,2087.379883,2108.290039
2015-05-04,5.2,5.15,27320257.0,5.28,5.095,2110.22998,2114.48999
2015-05-05,5.15,4.99,43927096.0,5.29,4.89,2112.629883,2089.459961
2015-05-06,5.02,4.84,37986380.0,5.03,4.77,2091.26001,2080.149902
2015-05-07,4.81,4.73,19091023.0,4.8259,4.69,2079.959961,2088.0
2015-05-08,4.8,4.77,7600435.0,4.83,4.74,2092.129883,2116.100098
2015-05-11,4.77,4.7,12461711.0,4.79,4.67,2115.560059,2105.330078
2015-05-12,4.66,4.66,12194394.0,4.7,4.61,2102.870117,2099.120117
2015-05-13,4.67,4.67,9966051.0,4.72,4.655,2099.620117,2098.47998
2015-05-14,4.705,4.74,8764182.0,4.75,4.66,2100.429932,2121.100098
2015-05-15,4.74,4.82,32851186.0,4.88,4.74,2122.070068,2122.72998
2015-05-18,4.84,4.81,9008562.0,4.87,4.77,2121.300049,2129.199951
2015-05-19,4.81,4.73,13339841.0,4.83,4.7,2129.449951,2127.830078
2015-05-20,4.73,4.7,8664716.0,4.75,4.685,2127.790039,2125.850098
2015-05-21,4.7,4.72,12053738.0,4.77,4.68,2125.550049,2130.820068
2015-05-22,4.72,4.69,12861360.0,4.73,4.66,2130.360107,2126.060059
2015-05-26,4.69,4.73,20255575.0,4.75,4.54,2125.340088,2104.199951
2015-05-27,4.73,4.72,17311164.0,4.77,4.61,2105.129883,2123.47998
2015-05-28,4.69,4.63,21297465.0,4.74,4.62,2122.27002,2120.790039
2015-05-29,4.63,4.65,12523694.0,4.65,4.59,2120.659912,2107.389893
2015-06-01,4.65,4.64,10404980.0,4.68,4.54,2108.639893,2111.72998
2015-06-02,4.6,4.69,7194748.0,4.705,4.585,2110.409912,2109.600098
2015-06-03,4.725,4.75,12426197.0,4.8,4.71,2110.639893,2114.070068
2015-06-04,4.53,4.46,31582619.0,4.61,4.43,2112.350098,2095.840088
2015-06-05,4.45,4.42,12704635.0,4.53,4.41,2095.090088,2092.830078
2015-06-08,4.47,4.5,10722884.0,4.55,4.42,2092.340088,2079.280029
2015-06-09,4.52,4.53,11939377.0,4.64,4.5,2079.070068,2080.149902
2015-06-10,4.54,4.54,10814519.0,4.5566,4.51,2081.120117,2105.199951
2015-06-11,4.49,4.67,16399641.0,4.71,4.48,2106.23999,2108.860107
2015-06-12,4.67,4.63,12273610.0,4.72,4.63,2107.429932,2094.110107
2015-06-15,4.63,4.62,7160038.0,4.65,4.59,2091.340088,2084.429932
2015-06-16,4.61,4.64,8211092.0,4.67,4.6,2084.26001,2096.290039
2015-06-17,4.64,4.69,10751879.0,4.74,4.63,2097.399902,2100.439941
2015-06-18,4.69,4.74,13208022.0,4.81,4.69,2101.580078,2121.23999
2015-06-19,4.75,4.68,9912339.0,4.8,4.68,2121.060059,2109.98999
2015-06-22,4.73,4.69,8997941.0,4.75,4.66,2112.5,2122.850098
2015-06-23,4.72,4.58,18223437.0,4.75,4.55,2123.159912,2124.199951
2015-06-24,4.58,4.62,6516112.0,4.64,4.58,2123.649902,2108.580078
2015-06-25,4.63,4.62,18999093.0,4.73,4.56,2109.959961,2102.310059
2015-06-26,4.61,4.55,7936255.0,4.64,4.53,2102.620117,2101.48999
2015-06-29,4.49,4.52,9832614.0,4.53,4.48,2098.629883,2057.639893
2015-06-30,4.53,4.545,9938267.0,4.59,4.5,2061.189941,2063.110107
2015-07-01,4.56,4.52,6959498.0,4.6,4.51,2067.0,2077.419922
2015-07-02,4.53,4.48,8036842.0,4.55,4.47,2078.030029,2076.780029
2015-07-06,4.42,4.37,19360943.0,4.43,4.31,2073.949951,2068.76001
2015-07-07,4.32,4.3,32810025.0,4.34,4.2,2069.52002,2081.340088
2015-07-08,4.24,3.95,32492420.0,4.27,3.92,2077.659912,2046.680054
2015-07-09,4.06,3.9,28829125.0,4.08,3.86,2049.72998,2051.310059
2015-07-10,3.98,3.78,38124062.0,4.005,3.74,2052.73999,2076.620117
2015-07-14,3.73,4.0,41920325.0,4.01,3.71,2099.719971,2108.949951
2015-07-15,4.12,3.84,35505564.0,4.13,3.82,2109.01001,2107.399902
2015-07-16,3.9,3.98,35866734.0,4.0,4.0,2110.550049,2124.290039
2015-07-17,4.0,3.84,27343995.0,4.0,3.82,2126.800049,2126.639893
2015-07-20,3.86,3.81,14797118.0,3.87,3.75,2126.850098,2128.280029
2015-07-21,3.81,3.77,10501423.0,3.84,3.76,2127.550049,2119.209961
2015-07-22,3.75,3.81,21031096.0,3.84,3.68,2118.209961,2114.149902
2015-07-23,3.75,3.67,15185427.0,3.79,3.67,2114.159912,2102.149902
2015-07-24,3.66,3.44,41951648.0,3.68,3.25,2102.23999,2079.649902
2015-07-27,3.33,3.1,48776132.0,3.33,3.1,2078.189941,2067.639893
2015-07-28,3.2,3.31,32276322.0,3.35,3.13,2070.75,2093.25
2015-07-29,3.4,3.48,26728134.0,3.61,3.35,2094.699951,2108.570068
2015-07-30,3.58,3.43,23298932.0,3.6,3.35,2106.780029,2108.629883
2015-07-31,3.41,3.37,23907690.0,3.46,3.3,2111.600098,2103.840088
2015-08-03,3.395,3.34,47853481.0,3.51,3.25,2104.48999,2098.040039
2015-08-04,3.67,3.49,79229000.0,3.7,3.41,2097.679932,2093.320068
2015-08-05,3.5,3.15,37488351.0,3.54,3.14,2095.27002,2099.840088
2015-08-06,3.29,3.29,25209491.0,3.35,3.17,2100.75,2083.560059
2015-08-07,3.3,3.37,19236397.0,3.41,3.28,2082.610107,2077.570068
2015-08-10,3.41,3.84,52902307.0,3.87,3.4,2080.97998,2104.179932
2015-08-11,3.81,3.85,52672817.0,4.05,3.78,2102.659912,2084.070068
2015-08-12,3.78,3.88,41654571.0,3.91,3.6,2081.100098,2086.050049
2015-08-13,3.98,3.88,43537992.0,4.08,3.87,2086.189941,2083.389893
2015-08-14,3.91,4.18,41404322.0,4.24,3.87,2083.149902,2091.540039
2015-08-17,4.25,4.6,69013802.0,4.75,4.23,2089.699951,2102.439941
2015-08-18,4.72,4.86,57497470.0,4.88,4.63,2101.98999,2096.919922
2015-08-19,4.89,4.92,42496907.0,4.98,4.7,2095.689941,2079.610107
2015-08-20,4.83,4.69,33979211.0,4.93,4.65,2076.610107,2035.72998
2015-08-21,4.62,4.71,35960773.0,4.875,4.49,2034.079956,1970.890015
2015-08-24,4.47,4.64,35404094.0,4.71,3.98,1965.150024,1893.209961
2015-08-25,4.79,4.6,29471049.0,4.85,4.59,1898.079956,1867.609985
2015-08-26,4.69,4.79,33117291.0,4.84,4.55,1872.75,1940.51001
2015-08-27,4.85,5.07,32721544.0,5.08,4.83,1942.77002,1987.660034
2015-08-28,5.07,5.19,34575494.0,5.29,5.05,1986.060059,1988.869995
2015-08-31,5.16,5.06,34151830.0,5.29,5.04,1986.72998,1972.180054
2015-09-01,4.98,5.02,36118407.0,5.22,4.94,1970.089966,1913.849976
2015-09-02,5.08,5.0,23885996.0,5.12,4.91,1916.52002,1948.859985
2015-09-03,5.0,5.05,20556204.0,5.07,4.93,1950.790039,1951.130005
2015-09-04,4.97,4.95,9654795.0,5.01,4.92,1947.76001,1921.219971
2015-09-08,4.985,5.0,14307773.0,5.02,4.87,1927.300049,1969.410034
2015-09-09,5.0,4.92,18183698.0,5.14,4.9,1971.449951,1942.040039
2015-09-10,4.9,4.82,17602472.0,4.91,4.6931,1941.589966,1952.290039
2015-09-11,4.8,4.88,10477279.0,4.9,4.75,1951.449951,1961.050049
2015-09-14,4.86,4.78,22310722.0,4.95,4.76,1963.060059,1953.030029
2015-09-15,4.82,4.95,25002364.0,5.01,4.8,1955.099976,1978.089966
2015-09-16,4.85,4.69,41145517.0,4.9,4.61,1978.02002,1995.310059
2015-09-17,4.61,4.69,21862756.0,4.81,4.58,1995.329956,1990.199951
2015-09-18,4.64,4.48,53279227.0,4.68,4.28,1989.660034,1958.030029
2015-09-21,4.53,4.38,27667378.0,4.65,4.38,1960.839966,1966.969971
2015-09-22,4.33,4.4,35136819.0,4.545,4.235,1961.390015,1942.73999
2015-09-23,4.39,4.34,22636331.0,4.54,4.33,1943.23999,1938.76001
2015-09-24,4.41,4.39,22480195.0,4.41,4.225,1934.810059,1932.23999
2015-09-25,4.45,4.3,14626292.0,4.4699,4.27,1935.930054,1931.339966
2015-09-28,4.28,3.98,31927506.0,4.29,3.97,1929.180054,1881.77002
2015-09-29,4.0,3.74,46935015.0,4.12,3.71,1881.900024,1884.089966
2015-09-30,3.8,3.84,36389386.0,3.925,3.75,1887.140015,1920.030029
2015-10-01,3.91,4.05,34817076.0,4.11,3.86,1919.650024,1923.819946
2015-10-02,4.09,4.25,51387063.0,4.37,4.045,1921.77002,1951.359985
2015-10-05,4.26,4.42,30132335.0,4.5,4.2,1954.329956,1987.050049
2015-10-06,4.45,4.43,18401101.0,4.49,4.3,1986.630005,1979.920044
2015-10-07,4.46,4.59,19637181.0,4.61,4.43,1982.339966,1995.829956
2015-10-08,4.57,4.55,14037589.0,4.6,4.5,1994.01001,2013.430054
2015-10-09,4.56,4.47,14486872.0,4.62,4.47,2013.72998,2014.890015
2015-10-12,4.47,4.5,8560167.0,4.5,4.35,2015.650024,2017.459961
2015-10-13,4.46,4.39,9236894.0,4.53,4.37,2015.0,2003.689941
2015-10-14,4.38,4.27,19482622.0,4.4,4.16,2003.660034,1994.23999
2015-10-15,4.31,4.27,13981185.0,4.33,4.15,1996.469971,2023.859985
2015-10-16,4.26,4.29,17701691.0,4.4,4.2,2024.369995,2033.109985
2015-10-19,4.3,4.41,9171432.0,4.43,4.238,2031.72998,2033.660034
2015-10-20,4.41,4.36,11064785.0,4.45,4.31,2033.130005,2030.77002
2015-10-21,4.39,4.34,9290027.0,4.47,4.32,2033.469971,2018.939941
2015-10-22,4.36,4.46,11807797.0,4.5,4.36,2021.880005,2052.51001
2015-10-23,4.49,4.71,16866478.0,4.75,4.44,2058.189941,2075.149902
2015-10-26,4.67,4.78,13863452.0,4.8,4.61,2075.080078,2071.179932
2015-10-27,4.71,4.88,26277140.0,5.0,4.67,2068.75,2065.889893
2015-10-28,4.9,5.01,28033799.0,5.12,4.85,2066.47998,2090.350098
2015-10-29,4.99,4.8,18803545.0,5.05,4.7,2088.350098,2089.409912
2015-10-30,4.82,4.73,14494552.0,4.85,4.67,2090.0,2079.360107
2015-11-02,4.83,4.85,13165006.0,4.9,4.75,2080.76001,2104.050049
2015-11-03,4.4,4.51,40052721.0,4.67,4.38,2102.629883,2109.790039
2015-11-04,4.54,4.48,16303338.0,4.57,4.4109,2110.600098,2102.310059
2015-11-05,4.47,4.68,25464455.0,4.79,4.44,2101.679932,2099.929932
2015-11-06,4.6,4.53,24762117.0,4.63,4.45,2098.600098,2099.199951
2015-11-09,4.49,4.28,19601255.0,4.51,4.25,2096.560059,2078.580078
2015-11-10,4.29,4.08,26844517.0,4.295,4.05,2077.189941,2081.719971
2015-11-11,4.12,4.0,18877752.0,4.12,3.98,2083.409912,2075.0
2015-11-12,4.01,4.14,29474042.0,4.16,3.94,2072.290039,2045.969971
2015-11-13,4.14,4.18,11789403.0,4.25,4.07,2044.640015,2023.040039
2015-11-16,4.19,4.21,10915417.0,4.26,4.12,2022.079956,2053.189941
2015-11-17,4.22,4.4,17335222.0,4.44,4.16,2053.669922,2050.439941
2015-11-18,4.4,3.99,37920468.0,4.455,3.96,2051.98999,2083.580078
2015-11-19,4.04,4.05,14724251.0,4.12,4.0,2083.699951,2081.23999
2015-11-20,4.02,3.83,47907564.0,4.083,3.78,2082.820068,2089.169922
2015-11-23,3.84,3.79,17418205.0,3.89,3.75,2089.409912,2086.590088
2015-11-24,3.78,3.83,12716108.0,3.85,3.72,2084.419922,2089.139893
2015-11-25,3.84,3.76,9085946.0,3.88,3.74,2089.300049,2088.870117
2015-11-27,3.75,3.73,3419233.0,3.79,3.7,2088.820068,2090.110107
2015-11-30,3.76,3.65,24132698.0,3.79,3.62,2090.949951,2080.409912
2015-12-01,3.66,3.63,18915917.0,3.68,3.56,2082.929932,2102.629883
2015-12-02,3.69,3.55,14285727.0,3.695,3.525,2101.709961,2079.51001
2015-12-03,3.55,3.53,11395714.0,3.59,3.5,2080.709961,2049.620117
2015-12-04,3.52,3.53,12994748.0,3.57,3.5,2051.23999,2091.689941
2015-12-07,3.53,3.63,22227006.0,3.76,3.52,2090.419922,2077.070068
2015-12-08,3.7,3.77,20345178.0,3.8,3.65,2073.389893,2063.590088
2015-12-09,3.78,3.74,20262459.0,3.94,3.73,2061.169922,2047.619995
2015-12-10,3.78,3.95,28558730.0,3.95,3.78,2047.930054,2052.22998
2015-12-11,3.85,3.65,20726701.0,3.9,3.63,2047.27002,2012.369995
2015-12-14,3.65,3.52,24104224.0,3.7,3.51,2013.369995,2021.939941
2015-12-15,3.55,3.53,13159258.0,3.6,3.51,2025.550049,2043.410034
2015-12-16,3.54,3.69,10729091.0,3.71,3.54,2046.5,2073.070068
2015-12-17,3.72,3.6,8637991.0,3.73,3.6,2073.76001,2041.890015
2015-12-18,3.6,3.66,26814996.0,3.665,3.55,2040.810059,2005.550049
2015-12-21,3.67,3.63,8245160.0,3.69,3.58,2010.27002,2021.150024
2015-12-22,3.64,3.74,7483164.0,3.74,3.62,2023.150024,2038.969971
2015-12-23,3.74,3.92,11898266.0,3.92,3.73,2042.199951,2064.290039
2015-12-24,3.89,3.81,4905865.0,3.92,3.81,2063.52002,2060.98999
2015-12-28,3.8,3.81,5768814.0,3.86,3.78,2057.77002,2056.5
2015-12-29,3.82,3.85,6131264.0,3.87,3.82,2060.540039,2078.360107
2015-12-30,3.83,3.63,11477123.0,3.87,3.62,2077.340088,2063.360107
2015-12-31,3.62,3.62,14786700.0,3.645,3.54,2060.590088,2043.939941
2016-01-04,3.52,3.52,15173508.0,3.58,3.43,2038.199951,2012.660034
2016-01-05,3.55,3.58,9223128.0,3.58,3.45,2013.780029,2016.709961
2016-01-06,3.52,3.59,14766975.0,3.67,3.47,2011.709961,1990.26001
2016-01-07,3.48,3.35,17428675.0,3.51,3.33,1985.319946,1943.089966
2016-01-08,3.46,3.4,9983378.0,3.58,3.4,1945.969971,1922.030029
2016-01-11,3.44,3.36,14389460.0,3.45,3.3,1926.119995,1923.670044
2016-01-12,3.43,3.37,11741848.0,3.44,3.31,1927.829956,1938.680054
2016-01-13,3.4,3.1,24962520.0,3.44,3.05,1940.339966,1890.280029
2016-01-14,3.08,3.19,25981564.0,3.25,3.01,1891.680054,1921.839966
2016-01-15,3.12,2.87,28513253.0,3.14,2.84,1916.680054,1880.329956
2016-01-19,2.93,2.64,19991139.0,2.94,2.61,1888.660034,1881.329956
2016-01-20,2.55,2.45,47571726.0,2.56,2.18,1876.180054,1859.329956
2016-01-21,2.47,2.5,23210013.0,2.58,2.34,1861.459961,1868.98999
2016-01-22,2.62,2.87,42475984.0,2.97,2.62,1877.400024,1906.900024
2016-01-25,2.97,2.52,40720781.0,3.05,2.44,1906.280029,1877.079956
2016-01-26,3.01,2.99,59174924.0,3.1,2.72,1878.790039,1903.630005
2016-01-27,3.03,2.92,40425163.0,3.21,2.91,1902.52002,1882.949951
2016-01-28,2.99,3.05,25875981.0,3.12,2.98,1885.219971,1893.359985
2016-01-29,3.11,3.02,30793854.0,3.12,2.98,1894.0,1940.23999
2016-02-01,3.04,3.07,19062672.0,3.09,2.98,1936.939941,1939.380005
2016-02-02,3.02,2.77,25597029.0,3.05,2.7,1935.26001,1903.030029
2016-02-03,2.83,2.84,19030234.0,2.9,2.7102,1907.069946,1912.530029
2016-02-04,2.85,2.83,25210327.0,3.005,2.8,1911.670044,1915.449951
2016-02-05,2.84,2.85,21719789.0,2.93,2.77,1913.069946,1880.050049
2016-02-08,2.8,2.55,26252027.0,2.84,2.53,1873.25,1853.439941
2016-02-09,2.52,2.65,23098638.0,2.72,2.45,1848.459961,1852.209961
2016-02-10,2.67,2.72,14529733.0,2.8,2.62,1857.099976,1851.859985
2016-02-11,2.65,2.55,16158783.0,2.745,2.53,1847.0,1829.079956
2016-02-12,2.56,2.66,20034116.0,2.74,2.56,1833.400024,1864.780029
2016-02-16,2.81,2.79,16334851.0,2.88,2.66,1871.439941,1895.579956
2016-02-17,2.84,2.99,23037200.0,3.0,2.84,1898.800049,1926.819946
2016-02-18,3.05,3.07,19192309.0,3.09,2.89,1927.569946,1917.829956
2016-02-19,3.01,2.93,19204908.0,3.02,2.89,1916.73999,1917.780029
2016-02-22,2.965,3.02,11760684.0,3.045,2.95,1924.439941,1945.5
2016-02-23,3.0,2.95,9142273.0,3.08,2.95,1942.380005,1921.27002
2016-02-24,2.92,3.05,8739756.0,3.05,2.87,1917.560059,1929.800049
2016-02-25,3.04,3.07,20899097.0,3.14,3.0,1931.869995,1951.699951
2016-02-26,3.08,3.33,20769627.0,3.34,3.075,1954.949951,1948.050049
2016-02-29,3.31,3.44,19813110.0,3.46,3.21,1947.130005,1932.22998
2016-03-01,3.43,3.47,13678477.0,3.48,3.37,1937.089966,1978.349976
2016-03-02,3.48,3.75,26821602.0,3.815,3.44,1976.599976,1986.449951
2016-03-03,3.74,4.0,40225748.0,4.05,3.73,1985.599976,1993.400024
2016-03-04,4.02,3.82,32758536.0,4.19,3.67,1994.01001,1999.98999
2016-03-07,3.82,3.97,26664355.0,4.09,3.82,1996.109985,2001.76001
2016-03-08,3.94,3.98,25134866.0,4.05,3.87,1996.880005,1979.26001
2016-03-09,3.98,3.96,16516828.0,4.06,3.88,1981.439941,1989.26001
2016-03-11,3.79,3.71,12670174.0,3.82,3.68,1994.709961,2022.189941
2016-03-14,3.7,3.72,9057404.0,3.765,3.65,2019.27002,2019.640015
2016-03-15,3.7,3.55,15245857.0,3.76,3.54,2015.27002,2015.930054
2016-03-16,3.62,3.57,18069690.0,3.625,3.45,2014.23999,2027.219971
2016-03-17,3.54,3.4,27212606.0,3.59,3.33,2026.900024,2040.589966
2016-03-18,3.43,3.26,24751402.0,3.48,3.26,2041.160034,2049.580078
2016-03-21,3.26,3.21,13973150.0,3.27,3.17,2047.880005,2051.600098
2016-03-22,3.2,3.37,23846540.0,3.44,3.19,2048.639893,2049.800049
2016-03-23,3.35,3.15,24097324.0,3.37,3.12,2048.550049,2036.709961
2016-03-24,3.16,3.26,11197253.0,3.27,3.14,2032.47998,2035.939941
2016-03-28,3.26,3.26,7856813.0,3.33,3.215,2037.890015,2037.050049
2016-03-29,3.26,3.42,23765280.0,3.46,3.22,2035.75,2055.01001
2016-03-30,3.44,3.45,17553935.0,3.54,3.41,2058.27002,2063.949951
2016-03-31,3.43,3.48,13465891.0,3.49,3.35,2063.77002,2059.73999
2016-04-01,3.41,3.63,29233728.0,3.69,3.4,2056.620117,2072.780029
2016-04-04,3.65,3.44,21991593.0,3.665,3.44,2073.189941,2066.129883
2016-04-05,3.49,3.5,52897250.0,3.55,3.375,2062.5,2045.170044
2016-04-06,3.47,3.59,14776191.0,3.64,3.46,2045.560059,2066.659912
2016-04-07,3.55,3.51,23755171.0,3.62,3.44,2063.01001,2041.910034
2016-04-08,3.52,3.5,9114244.0,3.56,3.47,2045.540039,2047.599976
2016-04-11,3.52,3.43,9349957.0,3.54,3.43,2050.22998,2041.98999
2016-04-12,3.47,3.49,11201597.0,3.5,3.36,2043.719971,2061.719971
2016-04-13,3.37,3.42,30164187.0,3.455,3.3,2065.919922,2082.419922
2016-04-14,3.45,3.5,15247570.0,3.54,3.41,2082.889893,2082.780029
2016-04-15,3.47,3.59,22026107.0,3.65,3.46,2083.100098,2080.72998
2016-04-18,3.52,3.56,9335661.0,3.65,3.51,2078.830078,2094.340088
2016-04-19,3.59,3.68,12971650.0,3.7,3.5775,2096.050049,2100.800049
2016-04-20,3.67,3.8,22276959.0,3.81,3.64,2101.52002,2102.399902
2016-04-21,3.81,3.68,14780826.0,3.9,3.63,2102.090088,2091.47998
2016-04-22,3.68,3.74,8885991.0,3.8,3.68,2091.48999,2091.580078
2016-04-25,3.73,3.8,13782765.0,3.8,3.66,2089.370117,2087.790039
2016-04-26,3.81,3.68,12540004.0,3.81,3.66,2089.840088,2091.699951
2016-04-27,3.69,3.68,8883949.0,3.74,3.67,2092.330078,2095.149902
2016-04-28,3.69,3.58,7432345.0,3.7,3.58,2090.929932,2075.810059
2016-04-29,3.57,3.43,23426130.0,3.73,3.38,2071.820068,2065.300049
2016-05-02,3.46,3.49,23511624.0,3.53,3.38,2067.169922,2081.429932
2016-05-03,3.52,3.67,36386639.0,3.69,3.367,2077.179932,2063.370117
2016-05-04,3.57,3.47,18991880.0,3.64,3.45,2060.300049,2051.120117
2016-05-05,3.53,3.44,10747988.0,3.55,3.43,2052.949951,2050.629883
2016-05-06,3.44,3.54,11346830.0,3.58,3.4389,2047.77002,2057.139893
2016-05-09,3.53,3.4,9734626.0,3.59,3.4,2057.550049,2058.689941
2016-05-10,3.48,3.5,14937117.0,3.53,3.42,2062.629883,2084.389893
2016-05-11,3.5,3.49,7827363.0,3.57,3.47,2083.290039,2064.459961
2016-05-12,3.54,3.49,17242215.0,3.55,3.4,2067.169922,2064.110107
2016-05-13,3.45,3.44,6968380.0,3.5,3.43,2062.5,2046.609985
2016-05-16,3.42,3.43,11187264.0,3.48,3.39,2046.530029,2066.659912
2016-05-17,3.4,3.52,14506530.0,3.53,3.39,2065.040039,2047.209961
2016-05-18,3.5,3.58,17245907.0,3.62,3.45,2044.380005,2047.630005
2016-05-19,3.56,3.66,16046605.0,3.72,3.56,2044.209961,2040.040039
2016-05-20,3.6,3.59,6597511.0,3.66,3.58,2041.880005,2052.320068
2016-05-23,3.59,3.57,7024178.0,3.66,3.55,2052.22998,2048.040039
2016-05-24,3.58,3.51,9302774.0,3.61,3.51,2052.649902,2076.060059
2016-05-25,3.54,3.53,11662187.0,3.56,3.46,2078.929932,2090.540039
2016-05-26,3.55,3.61,8245959.0,3.62,3.53,2091.439941,2090.100098
2016-05-27,3.6,3.68,9507624.0,3.7,3.6,2090.060059,2099.060059
2016-05-31,3.65,3.8,18978470.0,3.85,3.65,2100.129883,2096.949951
2016-06-01,3.77,3.75,12015795.0,3.82,3.69,2093.939941,2099.330078
2016-06-02,3.67,3.77,11716071.0,3.79,3.65,2097.709961,2105.26001
2016-06-03,3.77,3.78,7368267.0,3.78,3.69,2104.070068,2099.129883
2016-06-06,3.8,3.84,11952149.0,3.85,3.73,2100.830078,2109.409912
2016-06-07,3.83,3.91,16009582.0,3.98,3.8,2110.179932,2112.129883
2016-06-08,3.92,3.82,11992961.0,3.95,3.76,2112.709961,2119.120117
2016-06-09,3.83,3.81,5158973.0,3.84,3.76,2115.649902,2115.47998
2016-06-10,3.75,3.71,12748587.0,3.78,3.69,2109.570068,2096.070068
2016-06-13,3.69,3.62,8298163.0,3.82,3.62,2091.75,2079.060059
2016-06-14,3.63,3.68,8376107.0,3.69,3.61,2076.649902,2075.320068
2016-06-15,3.68,3.79,6792913.0,3.82,3.67,2077.600098,2071.5
2016-06-16,3.79,3.71,11214628.0,3.79,3.67,2066.360107,2077.98999
2016-06-17,3.71,3.71,12137706.0,3.77,3.69,2078.199951,2071.219971
2016-06-20,3.77,3.86,17302575.0,3.88,3.755,2075.580078,2083.25
2016-06-21,3.87,4.16,46179002.0,4.4,3.87,2085.189941,2088.899902
2016-06-22,4.2,4.38,35359487.0,4.47,4.18,2089.75,2085.449951
2016-06-23,4.38,4.39,19121388.0,4.48,4.28,2092.800049,2113.320068
2016-06-24,4.17,4.12,26941873.0,4.37,4.05,2103.810059,2037.410034
2016-06-27,4.13,4.19,20888055.0,4.23,4.04,2031.449951,2000.540039
2016-06-28,4.25,4.33,13996118.0,4.34,4.24,2006.670044,2036.089966
2016-06-29,4.38,4.48,15602853.0,4.53,4.38,2042.689941,2070.77002
2016-06-30,4.52,4.53,12442743.0,4.56,4.45,2073.169922,2098.860107
2016-07-01,4.52,4.53,9912800.0,4.57,4.43,2099.340088,2102.949951
2016-07-05,4.53,4.49,11576103.0,4.57,4.41,2095.050049,2088.550049
2016-07-06,4.45,4.45,16530061.0,4.5,4.36,2084.429932,2099.72998
2016-07-07,4.47,4.54,14759978.0,4.59,4.4,2100.419922,2097.899902
2016-07-08,4.56,4.68,11010692.0,4.69,4.49,2106.969971,2129.899902
2016-07-11,4.7,4.87,15888052.0,4.9,4.67,2131.719971,2137.159912
2016-07-12,4.91,4.82,15028785.0,4.95,4.79,2139.5,2152.139893
2016-07-13,4.81,4.89,15502283.0,4.93,4.68,2153.810059,2152.429932
2016-07-14,4.94,5.01,13793433.0,5.07,4.91,2157.879883,2163.75
2016-07-15,5.05,5.0,12272838.0,5.05,4.93,2165.129883,2161.73999
2016-07-18,4.89,4.75,56880947.0,4.89,4.6,2162.040039,2166.889893
2016-07-19,4.74,4.52,21773746.0,4.75,4.5,2163.790039,2163.780029
2016-07-20,4.54,4.52,15374548.0,4.59,4.42,2166.100098,2173.02002
2016-07-21,4.53,4.6,11716213.0,4.66,4.5,2172.909912,2165.169922
2016-07-22,4.64,4.62,22946221.0,4.77,4.59,2166.469971,2175.030029
2016-07-25,4.85,5.9,126843855.0,5.96,4.83,2173.709961,2168.47998
2016-07-26,5.8,6.25,86856365.0,6.28,5.68,2168.969971,2169.179932
2016-07-27,6.2,5.79,54763709.0,6.35,5.55,2169.810059,2166.580078
2016-07-28,5.83,6.0,20046393.0,6.0,5.75,2166.050049,2170.060059
2016-07-29,5.94,6.14,23906443.0,6.22,5.9,2168.830078,2173.600098
2016-08-01,6.14,6.12,25474406.0,6.24,6.11,2173.149902,2170.840088
2016-08-02,6.12,5.96,24505184.0,6.19,5.86,2169.939941,2157.030029
2016-08-03,5.94,6.09,15262204.0,6.12,5.87,2156.810059,2163.790039
2016-08-04,6.03,6.22,16892086.0,6.25,5.98,2163.51001,2164.25
2016-08-05,6.22,6.17,20615274.0,6.35,6.14,2168.790039,2182.870117
2016-08-08,6.17,6.22,17753487.0,6.28,6.16,2183.76001,2180.889893
2016-08-09,6.22,6.18,10289858.0,6.25,6.115,2182.23999,2181.73999
2016-08-10,6.2,6.16,13052696.0,6.26,6.15,2182.810059,2175.48999
2016-08-11,6.16,6.1,15781878.0,6.2,5.965,2177.969971,2185.790039
2016-08-12,6.13,6.09,10582492.0,6.145,6.05,2183.73999,2184.050049
2016-08-15,6.1,6.15,14830201.0,6.18,6.07,2186.080078,2190.149902
2016-08-16,6.13,6.05,12825873.0,6.18,6.04,2186.23999,2178.149902
2016-08-17,6.05,6.01,15737130.0,6.07,5.87,2177.840088,2182.219971
2016-08-18,5.95,6.02,10123400.0,6.1,5.95,2181.899902,2187.02002
2016-08-19,6.01,5.93,14132233.0,6.04,5.85,2184.23999,2183.870117
2016-08-22,5.9,6.04,12557589.0,6.06,5.89,2181.580078,2182.639893
2016-08-23,6.04,6.12,16557422.0,6.16,6.02,2187.810059,2186.899902
2016-08-24,6.09,6.09,13409350.0,6.18,6.07,2185.090088,2175.439941
2016-08-25,5.98,6.18,13478389.0,6.19,5.92,2173.290039,2172.469971
2016-08-26,6.14,6.14,20686509.0,6.3,6.07,2175.100098,2169.040039
2016-08-29,6.17,6.23,11109263.0,6.26,6.13,2170.189941,2180.379883
2016-08-30,6.2,6.14,8384564.0,6.25,6.12,2179.449951,2176.120117
2016-08-31,6.12,6.18,14866841.0,6.24,6.08,2173.560059,2170.949951
2016-09-01,6.18,6.2,13255068.0,6.25,6.16,2171.330078,2170.860107
2016-09-02,6.2,6.42,18017802.0,6.44,6.185,2177.48999,2179.97998
2016-09-06,6.44,6.34,11718880.0,6.45,6.3,2181.610107,2186.47998
2016-09-07,6.32,6.63,28130228.0,6.635,6.31,2185.169922,2186.159912
2016-09-08,6.62,6.8,46388808.0,7.03,6.505,2182.76001,2181.300049
2016-09-09,6.73,6.65,26590943.0,6.965,6.56,2169.080078,2127.810059
2016-09-12,6.54,6.92,32262622.0,7.01,6.42,2120.860107,2159.040039
2016-09-13,6.88,6.56,27275800.0,6.97,6.45,2150.469971,2127.02002
2016-09-14,6.59,6.51,19278450.0,6.635,6.45,2127.860107,2125.77002
2016-09-15,6.53,6.79,25785957.0,6.845,6.525,2125.360107,2147.26001
2016-09-16,6.79,6.65,28282502.0,6.84,6.59,2146.47998,2139.159912
2016-09-19,6.68,6.65,15622456.0,6.73,6.55,2143.98999,2139.120117
2016-09-20,6.72,6.21,53219374.0,6.94,6.18,2145.939941,2139.76001
2016-09-21,6.3,6.36,21447259.0,6.45,6.23,2144.580078,2163.120117
2016-09-22,6.44,6.62,17960559.0,6.65,6.38,2170.939941,2177.179932
2016-09-23,6.61,6.64,8611709.0,6.69,6.58,2173.290039,2164.689941
2016-09-26,6.64,6.65,13864343.0,6.78,6.63,2158.540039,2146.100098
2016-09-27,6.71,6.73,9732977.0,6.79,6.67,2146.040039,2159.929932
2016-09-28,6.73,6.78,8659089.0,6.79,6.68,2161.850098,2171.370117
2016-09-29,6.75,6.66,11141233.0,6.84,6.65,2168.899902,2151.129883
2016-09-30,6.67,6.63,14580120.0,6.72,6.53,2156.51001,2168.27002
2016-10-03,6.61,6.57,12256752.0,6.65,6.5,2164.330078,2161.199951
2016-10-04,6.61,6.7,19587942.0,6.75,6.58,2163.370117,2150.48999
2016-10-05,6.7,6.66,13905466.0,6.725,6.62,2155.149902,2159.72998
2016-10-06,6.62,6.53,10307936.0,6.62,6.515,2158.219971,2160.77002
2016-10-07,6.55,6.48,12162687.0,6.61,6.43,2164.189941,2153.73999
2016-10-10,6.52,6.73,14415886.0,6.79,6.5,2160.389893,2163.659912
2016-10-11,6.71,6.78,19759370.0,6.795,6.65,2161.350098,2136.72998
2016-10-12,6.89,6.78,22381294.0,7.01,6.76,2137.669922,2139.179932
2016-10-13,6.84,6.77,16972006.0,6.97,6.56,2130.26001,2132.550049
2016-10-14,6.92,7.03,31733232.0,7.1,6.83,2139.679932,2132.97998
2016-10-17,7.01,6.92,11925807.0,7.03,6.84,2132.949951,2126.5
2016-10-18,7.02,6.86,46062081.0,7.16,6.64,2138.310059,2139.600098
2016-10-19,6.87,6.88,11225160.0,6.99,6.8,2140.810059,2144.290039
2016-10-20,6.88,6.72,13872540.0,6.92,6.7015,2142.51001,2141.340088
2016-10-21,6.72,6.55,23792643.0,6.74,6.52,2139.429932,2141.159912
2016-10-24,6.6,6.92,26951580.0,6.95,6.59,2148.5,2151.330078
2016-10-25,6.77,6.5,47778047.0,6.88,6.25,2149.719971,2143.159912
2016-10-26,6.41,6.36,15543633.0,6.51,6.31,2136.969971,2139.429932
2016-10-27,6.4,6.29,19375459.0,6.46,6.18,2144.060059,2133.040039
2016-10-28,6.31,6.31,14749930.0,6.52,6.3,2132.22998,2126.409912
2016-10-31,6.36,6.16,9518119.0,6.375,6.16,2129.780029,2126.149902
2016-11-01,6.15,6.17,12870106.0,6.24,6.05,2128.679932,2111.719971
2016-11-02,6.15,5.95,21728485.0,6.15,5.83,2109.429932,2097.939941
2016-11-03,5.98,6.07,24742978.0,6.16,5.95,2098.800049,2088.659912
2016-11-04,6.07,6.13,13696530.0,6.29,6.07,2083.790039,2085.179932
2016-11-07,6.31,6.18,16566192.0,6.31,6.13,2100.590088,2131.52002
2016-11-08,6.21,6.27,14780071.0,6.37,6.17,2129.919922,2139.560059
2016-11-09,6.22,7.11,78903686.0,7.2,6.2,2131.560059,2163.26001
2016-11-10,7.13,7.08,34350362.0,7.44,6.92,2167.48999,2167.47998
2016-11-11,7.01,7.1,17113807.0,7.19,6.85,2162.709961,2164.449951
2016-11-14,7.13,7.5,26649971.0,7.54,7.0999,2165.639893,2164.199951
2016-11-15,7.5,7.74,20207066.0,7.77,7.41,2168.290039,2180.389893
2016-11-16,7.71,7.68,22533331.0,7.81,7.425,2177.530029,2176.939941
2016-11-17,7.69,7.49,13838706.0,7.71,7.46,2178.610107,2187.120117
2016-11-18,7.53,7.35,16748433.0,7.56,7.29,2186.850098,2181.899902
2016-11-21,7.43,7.45,14376979.0,7.59,7.39,2186.429932,2198.179932
2016-11-22,7.48,7.65,15498436.0,7.67,7.46,2201.560059,2202.939941
2016-11-23,7.64,7.69,10503666.0,7.72,7.53,2198.550049,2204.719971
2016-11-25,7.69,7.89,9149967.0,7.935,7.67,2206.27002,2213.350098
2016-11-28,7.81,7.86,10962354.0,7.955,7.8,2210.209961,2201.719971
2016-11-29,7.9,8.0,17818928.0,8.1,7.89,2200.76001,2204.659912
2016-11-30,8.1,7.84,16990471.0,8.11,7.84,2204.969971,2198.810059
2016-12-01,7.85,7.94,11233349.0,8.0,7.84,2200.169922,2191.080078
2016-12-02,7.91,7.98,8760924.0,8.0,7.91,2191.120117,2191.949951
2016-12-05,8.01,8.05,17364999.0,8.1,7.95,2200.649902,2204.709961
